fileId,fileUrls from query MYD06_L2--61 2018-01-01..2018-12-31 x138y-29 x141y-36[5],size
2947948860,/archive/allData/61/MYD06_L2/2018/002/MYD06_L2.A2018002.0520.061.2018003211114.hdf,60620025
2947952227,/archive/allData/61/MYD06_L2/2018/002/MYD06_L2.A2018002.0340.061.2018003211457.hdf,105457895
2947953206,/archive/allData/61/MYD06_L2/2018/001/MYD06_L2.A2018001.0435.061.2018003210727.hdf,91199773
2947967371,/archive/allData/61/MYD06_L2/2018/002/MYD06_L2.A2018002.0515.061.2018003212429.hdf,125268617
2947968681,/archive/allData/61/MYD06_L2/2018/001/MYD06_L2.A2018001.0610.061.2018003211337.hdf,125150096
2948762029,/archive/allData/61/MYD06_L2/2018/003/MYD06_L2.A2018003.0425.061.2018003212055.hdf,76266238
2948770029,/archive/allData/61/MYD06_L2/2018/003/MYD06_L2.A2018003.0420.061.2018003212434.hdf,93817341
2950778595,/archive/allData/61/MYD06_L2/2018/004/MYD06_L2.A2018004.0505.061.2018004174225.hdf,48107383
2955126792,/archive/allData/61/MYD06_L2/2018/005/MYD06_L2.A2018005.0410.061.2018005235820.hdf,56902292
2955135754,/archive/allData/61/MYD06_L2/2018/005/MYD06_L2.A2018005.0545.061.2018006001120.hdf,137372984
2955732445,/archive/allData/61/MYD06_L2/2018/006/MYD06_L2.A2018006.0455.061.2018006182226.hdf,63919263
2955737553,/archive/allData/61/MYD06_L2/2018/006/MYD06_L2.A2018006.0450.061.2018006183257.hdf,117945939
2956445865,/archive/allData/61/MYD06_L2/2018/007/MYD06_L2.A2018007.0400.061.2018007184651.hdf,84736202
2956446064,/archive/allData/61/MYD06_L2/2018/007/MYD06_L2.A2018007.0355.061.2018007184709.hdf,75366905
2956450212,/archive/allData/61/MYD06_L2/2018/007/MYD06_L2.A2018007.0535.061.2018007185122.hdf,90265179
2960089506,/archive/allData/61/MYD06_L2/2018/008/MYD06_L2.A2018008.0440.061.2018008182358.hdf,97427540
2967795373,/archive/allData/61/MYD06_L2/2018/009/MYD06_L2.A2018009.0525.061.2018009193008.hdf,98271514
2967798965,/archive/allData/61/MYD06_L2/2018/009/MYD06_L2.A2018009.0345.061.2018009193224.hdf,94369665
2967802336,/archive/allData/61/MYD06_L2/2018/009/MYD06_L2.A2018009.0520.061.2018009193446.hdf,125965838
2974601404,/archive/allData/61/MYD06_L2/2018/010/MYD06_L2.A2018010.0430.061.2018010214115.hdf,96088156
2974605120,/archive/allData/61/MYD06_L2/2018/010/MYD06_L2.A2018010.0425.061.2018010214524.hdf,110751740
2976537928,/archive/allData/61/MYD06_L2/2018/011/MYD06_L2.A2018011.0335.061.2018011173717.hdf,85817372
2977075608,/archive/allData/61/MYD06_L2/2018/011/MYD06_L2.A2018011.0515.061.2018011174123.hdf,132663713
2977082697,/archive/allData/61/MYD06_L2/2018/011/MYD06_L2.A2018011.0510.061.2018011174548.hdf,131907656
2979610607,/archive/allData/61/MYD06_L2/2018/012/MYD06_L2.A2018012.0415.061.2018012174650.hdf,117427521
2981167247,/archive/allData/61/MYD06_L2/2018/013/MYD06_L2.A2018013.0500.061.2018013174410.hdf,110380113
2981176591,/archive/allData/61/MYD06_L2/2018/013/MYD06_L2.A2018013.0455.061.2018013174804.hdf,109970090
2983074336,/archive/allData/61/MYD06_L2/2018/014/MYD06_L2.A2018014.0405.061.2018014173442.hdf,73759636
2983076379,/archive/allData/61/MYD06_L2/2018/014/MYD06_L2.A2018014.0540.061.2018014173851.hdf,98513730
2983080089,/archive/allData/61/MYD06_L2/2018/014/MYD06_L2.A2018014.0400.061.2018014174348.hdf,130033979
2984804372,/archive/allData/61/MYD06_L2/2018/015/MYD06_L2.A2018015.0450.061.2018015184622.hdf,74133919
2984804573,/archive/allData/61/MYD06_L2/2018/015/MYD06_L2.A2018015.0445.061.2018015184916.hdf,82476766
2987725743,/archive/allData/61/MYD06_L2/2018/016/MYD06_L2.A2018016.0350.061.2018016174539.hdf,96662765
2987725744,/archive/allData/61/MYD06_L2/2018/016/MYD06_L2.A2018016.0355.061.2018016174539.hdf,114102938
2987725745,/archive/allData/61/MYD06_L2/2018/016/MYD06_L2.A2018016.0530.061.2018016174523.hdf,104798550
2993882519,/archive/allData/61/MYD06_L2/2018/017/MYD06_L2.A2018017.0435.061.2018017173558.hdf,44733341
2995386180,/archive/allData/61/MYD06_L2/2018/017/MYD06_L2.A2018017.0610.061.2018017201157.hdf,137816172
3012986945,/archive/allData/61/MYD06_L2/2018/018/MYD06_L2.A2018018.0340.061.2018023174552.hdf,80553098
3012990170,/archive/allData/61/MYD06_L2/2018/018/MYD06_L2.A2018018.0520.061.2018023174817.hdf,77814576
3013473757,/archive/allData/61/MYD06_L2/2018/018/MYD06_L2.A2018018.0515.061.2018023175637.hdf,113297500
3013578663,/archive/allData/61/MYD06_L2/2018/023/MYD06_L2.A2018023.0400.061.2018023193005.hdf,103706682
3013588224,/archive/allData/61/MYD06_L2/2018/023/MYD06_L2.A2018023.0355.061.2018023193538.hdf,119011241
3013590288,/archive/allData/61/MYD06_L2/2018/023/MYD06_L2.A2018023.0535.061.2018023193825.hdf,107922507
3013593320,/archive/allData/61/MYD06_L2/2018/020/MYD06_L2.A2018020.0505.061.2018023194150.hdf,97205739
3013593906,/archive/allData/61/MYD06_L2/2018/019/MYD06_L2.A2018019.0420.061.2018023194255.hdf,74139707
3013596128,/archive/allData/61/MYD06_L2/2018/019/MYD06_L2.A2018019.0425.061.2018023194506.hdf,114873787
3013603874,/archive/allData/61/MYD06_L2/2018/021/MYD06_L2.A2018021.0410.061.2018023195239.hdf,82076935
3013620917,/archive/allData/61/MYD06_L2/2018/021/MYD06_L2.A2018021.0545.061.2018023200817.hdf,128769622
3013621690,/archive/allData/61/MYD06_L2/2018/022/MYD06_L2.A2018022.0455.061.2018023200836.hdf,70944889
3013634766,/archive/allData/61/MYD06_L2/2018/022/MYD06_L2.A2018022.0450.061.2018023201810.hdf,99787680
3014843733,/archive/allData/61/MYD06_L2/2018/024/MYD06_L2.A2018024.0440.061.2018024191617.hdf,89883172
3016468214,/archive/allData/61/MYD06_L2/2018/025/MYD06_L2.A2018025.0525.061.2018025172019.hdf,81434944
3016469735,/archive/allData/61/MYD06_L2/2018/025/MYD06_L2.A2018025.0345.061.2018025172202.hdf,98927134
3016484581,/archive/allData/61/MYD06_L2/2018/025/MYD06_L2.A2018025.0520.061.2018025173111.hdf,113937916
3017930482,/archive/allData/61/MYD06_L2/2018/026/MYD06_L2.A2018026.0430.061.2018026180234.hdf,100287707
3017932962,/archive/allData/61/MYD06_L2/2018/026/MYD06_L2.A2018026.0425.061.2018026180449.hdf,92831336
3024145764,/archive/allData/61/MYD06_L2/2018/027/MYD06_L2.A2018027.0335.061.2018030173638.hdf,101514403
3024149525,/archive/allData/61/MYD06_L2/2018/027/MYD06_L2.A2018027.0515.061.2018030173910.hdf,116893691
3024152639,/archive/allData/61/MYD06_L2/2018/027/MYD06_L2.A2018027.0510.061.2018030174334.hdf,111136193
3024243743,/archive/allData/61/MYD06_L2/2018/030/MYD06_L2.A2018030.0405.061.2018030185939.hdf,106811194
3024247373,/archive/allData/61/MYD06_L2/2018/028/MYD06_L2.A2018028.0415.061.2018030190335.hdf,90157978
3024252491,/archive/allData/61/MYD06_L2/2018/030/MYD06_L2.A2018030.0400.061.2018030190947.hdf,129774465
3024259016,/archive/allData/61/MYD06_L2/2018/030/MYD06_L2.A2018030.0540.061.2018030191558.hdf,130987376
3024317495,/archive/allData/61/MYD06_L2/2018/029/MYD06_L2.A2018029.0500.061.2018030195037.hdf,129034387
3026005710,/archive/allData/61/MYD06_L2/2018/031/MYD06_L2.A2018031.0450.061.2018031181652.hdf,120949135
3026015808,/archive/allData/61/MYD06_L2/2018/031/MYD06_L2.A2018031.0445.061.2018031182404.hdf,126701505
3027563077,/archive/allData/61/MYD06_L2/2018/032/MYD06_L2.A2018032.0530.061.2018032174523.hdf,125851753
3027567915,/archive/allData/61/MYD06_L2/2018/032/MYD06_L2.A2018032.0350.061.2018032174705.hdf,125803526
3027567916,/archive/allData/61/MYD06_L2/2018/032/MYD06_L2.A2018032.0355.061.2018032174657.hdf,110547736
3029696194,/archive/allData/61/MYD06_L2/2018/033/MYD06_L2.A2018033.0435.061.2018033204443.hdf,96139296
3029716895,/archive/allData/61/MYD06_L2/2018/033/MYD06_L2.A2018033.0610.061.2018033205312.hdf,126329059
3032296815,/archive/allData/61/MYD06_L2/2018/034/MYD06_L2.A2018034.0340.061.2018034173323.hdf,120932704
3032296816,/archive/allData/61/MYD06_L2/2018/034/MYD06_L2.A2018034.0520.061.2018034173328.hdf,104677240
3032302802,/archive/allData/61/MYD06_L2/2018/034/MYD06_L2.A2018034.0515.061.2018034173623.hdf,105587737
3033528998,/archive/allData/61/MYD06_L2/2018/035/MYD06_L2.A2018035.0420.061.2018035175506.hdf,87489123
3033529149,/archive/allData/61/MYD06_L2/2018/035/MYD06_L2.A2018035.0425.061.2018035175609.hdf,86014192
3033974033,/archive/allData/61/MYD06_L2/2018/036/MYD06_L2.A2018036.0505.061.2018036173821.hdf,85261088
3035929570,/archive/allData/61/MYD06_L2/2018/037/MYD06_L2.A2018037.0410.061.2018037181002.hdf,59112406
3035957325,/archive/allData/61/MYD06_L2/2018/037/MYD06_L2.A2018037.0545.061.2018037182451.hdf,133675257
3038388647,/archive/allData/61/MYD06_L2/2018/038/MYD06_L2.A2018038.0455.061.2018038184714.hdf,69934868
3038411745,/archive/allData/61/MYD06_L2/2018/038/MYD06_L2.A2018038.0450.061.2018038185634.hdf,123188557
3040683098,/archive/allData/61/MYD06_L2/2018/039/MYD06_L2.A2018039.0400.061.2018039173002.hdf,61982200
3040683294,/archive/allData/61/MYD06_L2/2018/039/MYD06_L2.A2018039.0535.061.2018039173741.hdf,109012474
3040683471,/archive/allData/61/MYD06_L2/2018/039/MYD06_L2.A2018039.0355.061.2018039174335.hdf,124628512
3043350978,/archive/allData/61/MYD06_L2/2018/040/MYD06_L2.A2018040.0440.061.2018040173350.hdf,64030606
3046327935,/archive/allData/61/MYD06_L2/2018/041/MYD06_L2.A2018041.0525.061.2018041183538.hdf,78641162
3046333592,/archive/allData/61/MYD06_L2/2018/041/MYD06_L2.A2018041.0345.061.2018041183731.hdf,75817038
3046348480,/archive/allData/61/MYD06_L2/2018/041/MYD06_L2.A2018041.0520.061.2018041184450.hdf,123190346
3048939490,/archive/allData/61/MYD06_L2/2018/042/MYD06_L2.A2018042.0430.061.2018042182013.hdf,46798581
3048958795,/archive/allData/61/MYD06_L2/2018/042/MYD06_L2.A2018042.0425.061.2018042183201.hdf,124567595
3049096475,/archive/allData/61/MYD06_L2/2018/042/MYD06_L2.A2018042.0605.061.2018042200043.hdf,118833597
3051397540,/archive/allData/61/MYD06_L2/2018/043/MYD06_L2.A2018043.0335.061.2018043182310.hdf,47972755
3051403515,/archive/allData/61/MYD06_L2/2018/043/MYD06_L2.A2018043.0515.061.2018043182825.hdf,87680505
3051410720,/archive/allData/61/MYD06_L2/2018/043/MYD06_L2.A2018043.0510.061.2018043183436.hdf,110760757
3053629608,/archive/allData/61/MYD06_L2/2018/044/MYD06_L2.A2018044.0415.061.2018044173714.hdf,78460575
3053629609,/archive/allData/61/MYD06_L2/2018/044/MYD06_L2.A2018044.0420.061.2018044173719.hdf,75621854
3055101615,/archive/allData/61/MYD06_L2/2018/045/MYD06_L2.A2018045.0500.061.2018045172956.hdf,73027251
3068390216,/archive/allData/61/MYD06_L2/2018/046/MYD06_L2.A2018046.0405.061.2018052055112.hdf,62760949
3068401516,/archive/allData/61/MYD06_L2/2018/046/MYD06_L2.A2018046.0400.061.2018052055905.hdf,131370280
3068449528,/archive/allData/61/MYD06_L2/2018/046/MYD06_L2.A2018046.0540.061.2018052062153.hdf,127454076
3068574731,/archive/allData/61/MYD06_L2/2018/047/MYD06_L2.A2018047.0450.061.2018052075519.hdf,91956707
3068583517,/archive/allData/61/MYD06_L2/2018/047/MYD06_L2.A2018047.0445.061.2018052080222.hdf,108900691
3068583524,/archive/allData/61/MYD06_L2/2018/048/MYD06_L2.A2018048.0355.061.2018052080218.hdf,87944193
3068587634,/archive/allData/61/MYD06_L2/2018/048/MYD06_L2.A2018048.0350.061.2018052080525.hdf,86583782
3068596927,/archive/allData/61/MYD06_L2/2018/048/MYD06_L2.A2018048.0530.061.2018052080959.hdf,122123916
3068606505,/archive/allData/61/MYD06_L2/2018/049/MYD06_L2.A2018049.0435.061.2018052081625.hdf,101874249
3068624511,/archive/allData/61/MYD06_L2/2018/049/MYD06_L2.A2018049.0610.061.2018052082719.hdf,134019494
3068633199,/archive/allData/61/MYD06_L2/2018/050/MYD06_L2.A2018050.0340.061.2018052083200.hdf,107160847
3068638883,/archive/allData/61/MYD06_L2/2018/050/MYD06_L2.A2018050.0520.061.2018052083458.hdf,130711731
3068650165,/archive/allData/61/MYD06_L2/2018/050/MYD06_L2.A2018050.0515.061.2018052084127.hdf,133468848
3068654712,/archive/allData/61/MYD06_L2/2018/051/MYD06_L2.A2018051.0425.061.2018052084320.hdf,90117798
3068670183,/archive/allData/61/MYD06_L2/2018/051/MYD06_L2.A2018051.0420.061.2018052085111.hdf,115172258
3069469255,/archive/allData/61/MYD06_L2/2018/052/MYD06_L2.A2018052.0505.061.2018052181004.hdf,127949197
3071129228,/archive/allData/61/MYD06_L2/2018/053/MYD06_L2.A2018053.0410.061.2018053175404.hdf,119276699
3071135862,/archive/allData/61/MYD06_L2/2018/053/MYD06_L2.A2018053.0545.061.2018053180036.hdf,142272330
3073102801,/archive/allData/61/MYD06_L2/2018/054/MYD06_L2.A2018054.0455.061.2018054175951.hdf,81720586
3073123344,/archive/allData/61/MYD06_L2/2018/054/MYD06_L2.A2018054.0450.061.2018054181001.hdf,141301691
3075009903,/archive/allData/61/MYD06_L2/2018/055/MYD06_L2.A2018055.0400.061.2018055192607.hdf,128803449
3075009904,/archive/allData/61/MYD06_L2/2018/055/MYD06_L2.A2018055.0535.061.2018055192626.hdf,117124884
3075013969,/archive/allData/61/MYD06_L2/2018/055/MYD06_L2.A2018055.0355.061.2018055192823.hdf,133173754
3079921831,/archive/allData/61/MYD06_L2/2018/056/MYD06_L2.A2018056.0440.061.2018059201136.hdf,87818228
3080016574,/archive/allData/61/MYD06_L2/2018/057/MYD06_L2.A2018057.0525.061.2018058201402.hdf,77886422
3080027665,/archive/allData/61/MYD06_L2/2018/058/MYD06_L2.A2018058.0430.061.2018058202018.hdf,53156528
3080029469,/archive/allData/61/MYD06_L2/2018/057/MYD06_L2.A2018057.0345.061.2018058202032.hdf,108405921
3080044958,/archive/allData/61/MYD06_L2/2018/058/MYD06_L2.A2018058.0425.061.2018058203442.hdf,132077655
3080046327,/archive/allData/61/MYD06_L2/2018/058/MYD06_L2.A2018058.0605.061.2018058203634.hdf,130666388
3081493057,/archive/allData/61/MYD06_L2/2018/059/MYD06_L2.A2018059.0515.061.2018059175320.hdf,73241714
3081495534,/archive/allData/61/MYD06_L2/2018/059/MYD06_L2.A2018059.0335.061.2018059175437.hdf,88489636
3081505593,/archive/allData/61/MYD06_L2/2018/059/MYD06_L2.A2018059.0510.061.2018059175929.hdf,112609960
3090542791,/archive/allData/61/MYD06_L2/2018/060/MYD06_L2.A2018060.0415.061.2018064184420.hdf,84804426
3090544225,/archive/allData/61/MYD06_L2/2018/060/MYD06_L2.A2018060.0420.061.2018064184528.hdf,110626358
3090698423,/archive/allData/61/MYD06_L2/2018/063/MYD06_L2.A2018063.0450.061.2018064220107.hdf,86318846
3090700925,/archive/allData/61/MYD06_L2/2018/063/MYD06_L2.A2018063.0445.061.2018064220647.hdf,118582862
3090703761,/archive/allData/61/MYD06_L2/2018/061/MYD06_L2.A2018061.0500.061.2018064221148.hdf,69099502
3090704978,/archive/allData/61/MYD06_L2/2018/064/MYD06_L2.A2018064.0530.061.2018064221338.hdf,81001966
3090707790,/archive/allData/61/MYD06_L2/2018/064/MYD06_L2.A2018064.0355.061.2018064221702.hdf,127505539
3090708517,/archive/allData/61/MYD06_L2/2018/064/MYD06_L2.A2018064.0350.061.2018064221757.hdf,119130345
3090711897,/archive/allData/61/MYD06_L2/2018/062/MYD06_L2.A2018062.0405.061.2018064222205.hdf,86093660
3090720662,/archive/allData/61/MYD06_L2/2018/062/MYD06_L2.A2018062.0400.061.2018064223158.hdf,129559273
3090722110,/archive/allData/61/MYD06_L2/2018/062/MYD06_L2.A2018062.0540.061.2018064223507.hdf,134534655
3091619159,/archive/allData/61/MYD06_L2/2018/065/MYD06_L2.A2018065.0435.061.2018066211557.hdf,71093438
3091620246,/archive/allData/61/MYD06_L2/2018/066/MYD06_L2.A2018066.0520.061.2018066211656.hdf,47913704
3091638644,/archive/allData/61/MYD06_L2/2018/065/MYD06_L2.A2018065.0610.061.2018066212423.hdf,128762114
3091656090,/archive/allData/61/MYD06_L2/2018/066/MYD06_L2.A2018066.0515.061.2018066213006.hdf,114641847
3091663123,/archive/allData/61/MYD06_L2/2018/066/MYD06_L2.A2018066.0340.061.2018066213220.hdf,117302500
3095556990,/archive/allData/61/MYD06_L2/2018/067/MYD06_L2.A2018067.0420.061.2018071200307.hdf,90480613
3095559253,/archive/allData/61/MYD06_L2/2018/067/MYD06_L2.A2018067.0425.061.2018071200530.hdf,135752656
3095727321,/archive/allData/61/MYD06_L2/2018/070/MYD06_L2.A2018070.0455.061.2018071221656.hdf,79360953
3095728744,/archive/allData/61/MYD06_L2/2018/071/MYD06_L2.A2018071.0400.061.2018071221920.hdf,56723533
3095732766,/archive/allData/61/MYD06_L2/2018/068/MYD06_L2.A2018068.0505.061.2018071222449.hdf,75040962
3095733093,/archive/allData/61/MYD06_L2/2018/070/MYD06_L2.A2018070.0450.061.2018071222450.hdf,126169206
3095737738,/archive/allData/61/MYD06_L2/2018/071/MYD06_L2.A2018071.0355.061.2018071223051.hdf,125323174
3095740434,/archive/allData/61/MYD06_L2/2018/069/MYD06_L2.A2018069.0410.061.2018071223434.hdf,62324146
3095744999,/archive/allData/61/MYD06_L2/2018/071/MYD06_L2.A2018071.0535.061.2018071223802.hdf,113053805
3095748819,/archive/allData/61/MYD06_L2/2018/069/MYD06_L2.A2018069.0545.061.2018071224546.hdf,132218624
3096342165,/archive/allData/61/MYD06_L2/2018/072/MYD06_L2.A2018072.0445.061.2018072174350.hdf,58721547
3096383624,/archive/allData/61/MYD06_L2/2018/072/MYD06_L2.A2018072.0440.061.2018072174553.hdf,87987986
3097225565,/archive/allData/61/MYD06_L2/2018/073/MYD06_L2.A2018073.0525.061.2018073230844.hdf,73868771
3097226242,/archive/allData/61/MYD06_L2/2018/073/MYD06_L2.A2018073.0345.061.2018073231118.hdf,105295932
3097558573,/archive/allData/61/MYD06_L2/2018/074/MYD06_L2.A2018074.0430.061.2018074172524.hdf,53107940
3097564847,/archive/allData/61/MYD06_L2/2018/074/MYD06_L2.A2018074.0425.061.2018074173709.hdf,130871520
3097606844,/archive/allData/61/MYD06_L2/2018/074/MYD06_L2.A2018074.0605.061.2018074202756.hdf,136173114
3099757741,/archive/allData/61/MYD06_L2/2018/075/MYD06_L2.A2018075.0515.061.2018079191814.hdf,30373407
3099763633,/archive/allData/61/MYD06_L2/2018/075/MYD06_L2.A2018075.0335.061.2018079192734.hdf,75274378
3099765275,/archive/allData/61/MYD06_L2/2018/077/MYD06_L2.A2018077.0500.061.2018079193118.hdf,58502360
3099766963,/archive/allData/61/MYD06_L2/2018/078/MYD06_L2.A2018078.0405.061.2018079193642.hdf,43661026
3099767541,/archive/allData/61/MYD06_L2/2018/075/MYD06_L2.A2018075.0510.061.2018079193817.hdf,135083127
3099772138,/archive/allData/61/MYD06_L2/2018/078/MYD06_L2.A2018078.0400.061.2018079195135.hdf,127985240
3099773388,/archive/allData/61/MYD06_L2/2018/078/MYD06_L2.A2018078.0540.061.2018079195331.hdf,122253060
3099773389,/archive/allData/61/MYD06_L2/2018/079/MYD06_L2.A2018079.0450.061.2018079195335.hdf,69435230
3099774611,/archive/allData/61/MYD06_L2/2018/076/MYD06_L2.A2018076.0420.061.2018079195510.hdf,65949306
3099777463,/archive/allData/61/MYD06_L2/2018/076/MYD06_L2.A2018076.0415.061.2018079195854.hdf,90989143
3099778577,/archive/allData/61/MYD06_L2/2018/079/MYD06_L2.A2018079.0445.061.2018079200137.hdf,103469936
3100389858,/archive/allData/61/MYD06_L2/2018/080/MYD06_L2.A2018080.0355.061.2018080174256.hdf,121117425
3100389862,/archive/allData/61/MYD06_L2/2018/080/MYD06_L2.A2018080.0350.061.2018080174302.hdf,114166382
3100389864,/archive/allData/61/MYD06_L2/2018/080/MYD06_L2.A2018080.0530.061.2018080174319.hdf,106340114
3101301727,/archive/allData/61/MYD06_L2/2018/082/MYD06_L2.A2018082.0520.061.2018082221720.hdf,50522130
3101305225,/archive/allData/61/MYD06_L2/2018/081/MYD06_L2.A2018081.0435.061.2018082222335.hdf,85270917
3101307893,/archive/allData/61/MYD06_L2/2018/082/MYD06_L2.A2018082.0340.061.2018082222726.hdf,125471795
3101308310,/archive/allData/61/MYD06_L2/2018/082/MYD06_L2.A2018082.0515.061.2018082222752.hdf,135323569
3101314833,/archive/allData/61/MYD06_L2/2018/081/MYD06_L2.A2018081.0610.061.2018082223430.hdf,138309966
3102049541,/archive/allData/61/MYD06_L2/2018/083/MYD06_L2.A2018083.0425.061.2018083171143.hdf,89979309
3102055899,/archive/allData/61/MYD06_L2/2018/083/MYD06_L2.A2018083.0420.061.2018083172222.hdf,132852609
3102576293,/archive/allData/61/MYD06_L2/2018/084/MYD06_L2.A2018084.0505.061.2018084174412.hdf,118690422
3103486392,/archive/allData/61/MYD06_L2/2018/085/MYD06_L2.A2018085.0410.061.2018085171932.hdf,87678034
3105130111,/archive/allData/61/MYD06_L2/2018/086/MYD06_L2.A2018086.0455.061.2018088181038.hdf,39813438
3105157422,/archive/allData/61/MYD06_L2/2018/086/MYD06_L2.A2018086.0450.061.2018088182754.hdf,147482351
3105214466,/archive/allData/61/MYD06_L2/2018/087/MYD06_L2.A2018087.0400.061.2018088192723.hdf,68389692
3105216955,/archive/allData/61/MYD06_L2/2018/087/MYD06_L2.A2018087.0355.061.2018088193127.hdf,120327801
3105220910,/archive/allData/61/MYD06_L2/2018/087/MYD06_L2.A2018087.0535.061.2018088193430.hdf,105685190
3108451457,/archive/allData/61/MYD06_L2/2018/088/MYD06_L2.A2018088.0445.061.2018094192620.hdf,86332665
3108455456,/archive/allData/61/MYD06_L2/2018/088/MYD06_L2.A2018088.0440.061.2018094192934.hdf,72199147
3108873295,/archive/allData/61/MYD06_L2/2018/090/MYD06_L2.A2018090.0430.061.2018095160007.hdf,40460279
3108880320,/archive/allData/61/MYD06_L2/2018/094/MYD06_L2.A2018094.0405.061.2018095161152.hdf,73941148
3108885088,/archive/allData/61/MYD06_L2/2018/090/MYD06_L2.A2018090.0605.061.2018095161651.hdf,127425668
3108886048,/archive/allData/61/MYD06_L2/2018/089/MYD06_L2.A2018089.0525.061.2018095161834.hdf,65486678
3108886363,/archive/allData/61/MYD06_L2/2018/090/MYD06_L2.A2018090.0425.061.2018095161848.hdf,129474569
3108887026,/archive/allData/61/MYD06_L2/2018/089/MYD06_L2.A2018089.0345.061.2018095161939.hdf,67182040
3108888034,/archive/allData/61/MYD06_L2/2018/094/MYD06_L2.A2018094.0540.061.2018095162110.hdf,99340161
3108889580,/archive/allData/61/MYD06_L2/2018/094/MYD06_L2.A2018094.0400.061.2018095162302.hdf,114003295
3108913584,/archive/allData/61/MYD06_L2/2018/091/MYD06_L2.A2018091.0515.061.2018095165348.hdf,53227988
3108916736,/archive/allData/61/MYD06_L2/2018/091/MYD06_L2.A2018091.0335.061.2018095170041.hdf,99001902
3108919327,/archive/allData/61/MYD06_L2/2018/091/MYD06_L2.A2018091.0510.061.2018095170855.hdf,124390835
3108920498,/archive/allData/61/MYD06_L2/2018/092/MYD06_L2.A2018092.0420.061.2018095171056.hdf,91183330
3108921220,/archive/allData/61/MYD06_L2/2018/092/MYD06_L2.A2018092.0415.061.2018095171315.hdf,95720728
3108924412,/archive/allData/61/MYD06_L2/2018/093/MYD06_L2.A2018093.0500.061.2018095172023.hdf,76412097
3109101764,/archive/allData/61/MYD06_L2/2018/095/MYD06_L2.A2018095.0450.061.2018095232018.hdf,49559242
3109103795,/archive/allData/61/MYD06_L2/2018/095/MYD06_L2.A2018095.0445.061.2018095232930.hdf,103467561
3109406121,/archive/allData/61/MYD06_L2/2018/096/MYD06_L2.A2018096.0530.061.2018096181533.hdf,84923462
3109406889,/archive/allData/61/MYD06_L2/2018/096/MYD06_L2.A2018096.0350.061.2018096181639.hdf,90443867
3109406890,/archive/allData/61/MYD06_L2/2018/096/MYD06_L2.A2018096.0355.061.2018096181633.hdf,102040873
3111118543,/archive/allData/61/MYD06_L2/2018/097/MYD06_L2.A2018097.0435.061.2018097182046.hdf,52490817
3111161415,/archive/allData/61/MYD06_L2/2018/097/MYD06_L2.A2018097.0610.061.2018097200117.hdf,127989997
3111528357,/archive/allData/61/MYD06_L2/2018/098/MYD06_L2.A2018098.0520.061.2018098172903.hdf,45438977
3111529239,/archive/allData/61/MYD06_L2/2018/098/MYD06_L2.A2018098.0340.061.2018098173226.hdf,65331900
3111532749,/archive/allData/61/MYD06_L2/2018/098/MYD06_L2.A2018098.0515.061.2018098174002.hdf,124343805
3111996720,/archive/allData/61/MYD06_L2/2018/099/MYD06_L2.A2018099.0425.061.2018099173306.hdf,54472623
3112003985,/archive/allData/61/MYD06_L2/2018/099/MYD06_L2.A2018099.0420.061.2018099174226.hdf,112198816
3112636979,/archive/allData/61/MYD06_L2/2018/100/MYD06_L2.A2018100.0505.061.2018100185944.hdf,101460100
3113145558,/archive/allData/61/MYD06_L2/2018/101/MYD06_L2.A2018101.0410.061.2018101173433.hdf,73787116
3167025715,/archive/allData/61/MYD06_L2/2018/104/MYD06_L2.A2018104.0445.061.2018108211235.hdf,56335091
3167028928,/archive/allData/61/MYD06_L2/2018/105/MYD06_L2.A2018105.0345.061.2018108212258.hdf,91557835
3167031112,/archive/allData/61/MYD06_L2/2018/104/MYD06_L2.A2018104.0440.061.2018108213051.hdf,124083958
3167031596,/archive/allData/61/MYD06_L2/2018/105/MYD06_L2.A2018105.0525.061.2018108213224.hdf,70381175
3167031797,/archive/allData/61/MYD06_L2/2018/106/MYD06_L2.A2018106.0430.061.2018108213302.hdf,54659112
3167035416,/archive/allData/61/MYD06_L2/2018/107/MYD06_L2.A2018107.0515.061.2018108214458.hdf,47864949
3167036769,/archive/allData/61/MYD06_L2/2018/107/MYD06_L2.A2018107.0335.061.2018108214856.hdf,69705191
3167037139,/archive/allData/61/MYD06_L2/2018/106/MYD06_L2.A2018106.0425.061.2018108215010.hdf,127614728
3167037939,/archive/allData/61/MYD06_L2/2018/106/MYD06_L2.A2018106.0605.061.2018108215223.hdf,133014504
3167041570,/archive/allData/61/MYD06_L2/2018/108/MYD06_L2.A2018108.0420.061.2018108220223.hdf,81642160
3167042094,/archive/allData/61/MYD06_L2/2018/107/MYD06_L2.A2018107.0510.061.2018108220430.hdf,130440714
3167042895,/archive/allData/61/MYD06_L2/2018/102/MYD06_L2.A2018102.0455.061.2018108220746.hdf,60226537
3167042907,/archive/allData/61/MYD06_L2/2018/108/MYD06_L2.A2018108.0415.061.2018108220727.hdf,102713572
3167050888,/archive/allData/61/MYD06_L2/2018/102/MYD06_L2.A2018102.0450.061.2018108221951.hdf,128370580
3167051453,/archive/allData/61/MYD06_L2/2018/103/MYD06_L2.A2018103.0400.061.2018108222125.hdf,88255897
3167052672,/archive/allData/61/MYD06_L2/2018/103/MYD06_L2.A2018103.0355.061.2018108222543.hdf,107752100
3167053643,/archive/allData/61/MYD06_L2/2018/103/MYD06_L2.A2018103.0535.061.2018108222851.hdf,128318336
3173954544,/archive/allData/61/MYD06_L2/2018/109/MYD06_L2.A2018109.0500.061.2018113202748.hdf,63420497
3174119186,/archive/allData/61/MYD06_L2/2018/110/MYD06_L2.A2018110.0405.061.2018113221828.hdf,66236062
3174119539,/archive/allData/61/MYD06_L2/2018/111/MYD06_L2.A2018111.0450.061.2018113221846.hdf,40726768
3174193284,/archive/allData/61/MYD06_L2/2018/111/MYD06_L2.A2018111.0445.061.2018113223302.hdf,104645887
3174204430,/archive/allData/61/MYD06_L2/2018/110/MYD06_L2.A2018110.0540.061.2018113223842.hdf,118388921
3174205435,/archive/allData/61/MYD06_L2/2018/112/MYD06_L2.A2018112.0355.061.2018113224022.hdf,75441936
3174211722,/archive/allData/61/MYD06_L2/2018/112/MYD06_L2.A2018112.0530.061.2018113224733.hdf,117234109
3174212074,/archive/allData/61/MYD06_L2/2018/112/MYD06_L2.A2018112.0350.061.2018113224805.hdf,101207777
3174213734,/archive/allData/61/MYD06_L2/2018/113/MYD06_L2.A2018113.0435.061.2018113225047.hdf,84679409
3174218138,/archive/allData/61/MYD06_L2/2018/113/MYD06_L2.A2018113.0610.061.2018113225835.hdf,126958294
3176888068,/archive/allData/61/MYD06_L2/2018/114/MYD06_L2.A2018114.0520.061.2018114172614.hdf,58858570
3176919568,/archive/allData/61/MYD06_L2/2018/114/MYD06_L2.A2018114.0340.061.2018114173228.hdf,81021618
3176948912,/archive/allData/61/MYD06_L2/2018/114/MYD06_L2.A2018114.0515.061.2018114173751.hdf,133008610
3182833352,/archive/allData/61/MYD06_L2/2018/115/MYD06_L2.A2018115.0425.061.2018120162800.hdf,44280551
3182850477,/archive/allData/61/MYD06_L2/2018/115/MYD06_L2.A2018115.0420.061.2018120164309.hdf,126118582
3182940968,/archive/allData/61/MYD06_L2/2018/119/MYD06_L2.A2018119.0400.061.2018120202451.hdf,63803099
3182943621,/archive/allData/61/MYD06_L2/2018/118/MYD06_L2.A2018118.0455.061.2018120203230.hdf,70747702
3182943926,/archive/allData/61/MYD06_L2/2018/118/MYD06_L2.A2018118.0450.061.2018120203316.hdf,113433028
3182947763,/archive/allData/61/MYD06_L2/2018/119/MYD06_L2.A2018119.0355.061.2018120203921.hdf,128840931
3182951414,/archive/allData/61/MYD06_L2/2018/119/MYD06_L2.A2018119.0535.061.2018120204955.hdf,102801034
3182951615,/archive/allData/61/MYD06_L2/2018/120/MYD06_L2.A2018120.0440.061.2018120205030.hdf,70800064
3182956204,/archive/allData/61/MYD06_L2/2018/116/MYD06_L2.A2018116.0505.061.2018120205854.hdf,92449989
3182966979,/archive/allData/61/MYD06_L2/2018/117/MYD06_L2.A2018117.0410.061.2018120211020.hdf,91517899
3182968502,/archive/allData/61/MYD06_L2/2018/117/MYD06_L2.A2018117.0545.061.2018120211103.hdf,107212341
3183511912,/archive/allData/61/MYD06_L2/2018/121/MYD06_L2.A2018121.0525.061.2018121173719.hdf,92819746
3183513612,/archive/allData/61/MYD06_L2/2018/121/MYD06_L2.A2018121.0345.061.2018121174054.hdf,86869335
3184615515,/archive/allData/61/MYD06_L2/2018/122/MYD06_L2.A2018122.0430.061.2018124154406.hdf,91190067
3184626589,/archive/allData/61/MYD06_L2/2018/122/MYD06_L2.A2018122.0425.061.2018124155532.hdf,138792435
3184632084,/archive/allData/61/MYD06_L2/2018/122/MYD06_L2.A2018122.0605.061.2018124160517.hdf,135906890
3184678723,/archive/allData/61/MYD06_L2/2018/123/MYD06_L2.A2018123.0515.061.2018124171247.hdf,71765849
3184679767,/archive/allData/61/MYD06_L2/2018/123/MYD06_L2.A2018123.0335.061.2018124171823.hdf,98004451
3184680895,/archive/allData/61/MYD06_L2/2018/123/MYD06_L2.A2018123.0510.061.2018124172321.hdf,135430648
3184682874,/archive/allData/61/MYD06_L2/2018/124/MYD06_L2.A2018124.0420.061.2018124173035.hdf,74006095
3184684219,/archive/allData/61/MYD06_L2/2018/124/MYD06_L2.A2018124.0415.061.2018124173705.hdf,115361862
3185007972,/archive/allData/61/MYD06_L2/2018/125/MYD06_L2.A2018125.0500.061.2018125171924.hdf,45852693
3185391271,/archive/allData/61/MYD06_L2/2018/126/MYD06_L2.A2018126.0405.061.2018126171443.hdf,55415822
3185395893,/archive/allData/61/MYD06_L2/2018/126/MYD06_L2.A2018126.0540.061.2018126172344.hdf,149097773
3185396442,/archive/allData/61/MYD06_L2/2018/126/MYD06_L2.A2018126.0400.061.2018126172446.hdf,136780382
3186055910,/archive/allData/61/MYD06_L2/2018/127/MYD06_L2.A2018127.0450.061.2018127170137.hdf,45056367
3186066709,/archive/allData/61/MYD06_L2/2018/127/MYD06_L2.A2018127.0445.061.2018127171258.hdf,136271774
3186669336,/archive/allData/61/MYD06_L2/2018/128/MYD06_L2.A2018128.0530.061.2018128171238.hdf,101699705
3186669707,/archive/allData/61/MYD06_L2/2018/128/MYD06_L2.A2018128.0350.061.2018128171403.hdf,104271395
3186669878,/archive/allData/61/MYD06_L2/2018/128/MYD06_L2.A2018128.0355.061.2018128171456.hdf,88352304
3187049340,/archive/allData/61/MYD06_L2/2018/129/MYD06_L2.A2018129.0435.061.2018129171743.hdf,81376152
3187087541,/archive/allData/61/MYD06_L2/2018/129/MYD06_L2.A2018129.0610.061.2018129200819.hdf,130054285
3187666567,/archive/allData/61/MYD06_L2/2018/130/MYD06_L2.A2018130.0520.061.2018130172029.hdf,57784108
3187668262,/archive/allData/61/MYD06_L2/2018/130/MYD06_L2.A2018130.0340.061.2018130172227.hdf,80743727
3187674781,/archive/allData/61/MYD06_L2/2018/130/MYD06_L2.A2018130.0515.061.2018130173018.hdf,135121011
3188135509,/archive/allData/61/MYD06_L2/2018/131/MYD06_L2.A2018131.0425.061.2018131173816.hdf,42385510
3188143599,/archive/allData/61/MYD06_L2/2018/131/MYD06_L2.A2018131.0420.061.2018131174908.hdf,142279648
3188631696,/archive/allData/61/MYD06_L2/2018/132/MYD06_L2.A2018132.0505.061.2018132175931.hdf,91714296
3188877844,/archive/allData/61/MYD06_L2/2018/133/MYD06_L2.A2018133.0410.061.2018133194342.hdf,75994590
3188883267,/archive/allData/61/MYD06_L2/2018/133/MYD06_L2.A2018133.0545.061.2018133195124.hdf,135501023
3189390571,/archive/allData/61/MYD06_L2/2018/134/MYD06_L2.A2018134.0455.061.2018134171536.hdf,35221852
3189398418,/archive/allData/61/MYD06_L2/2018/134/MYD06_L2.A2018134.0450.061.2018134172644.hdf,120108282
3190641491,/archive/allData/61/MYD06_L2/2018/135/MYD06_L2.A2018135.0400.061.2018135174626.hdf,49313431
3190642108,/archive/allData/61/MYD06_L2/2018/135/MYD06_L2.A2018135.0535.061.2018135174948.hdf,117845684
3190643666,/archive/allData/61/MYD06_L2/2018/135/MYD06_L2.A2018135.0355.061.2018135175353.hdf,131923013
3191451341,/archive/allData/61/MYD06_L2/2018/136/MYD06_L2.A2018136.0440.061.2018136175502.hdf,107231551
3192399652,/archive/allData/61/MYD06_L2/2018/137/MYD06_L2.A2018137.0525.061.2018137183531.hdf,63771512
3192404022,/archive/allData/61/MYD06_L2/2018/137/MYD06_L2.A2018137.0345.061.2018137183911.hdf,94550903
3193680838,/archive/allData/61/MYD06_L2/2018/138/MYD06_L2.A2018138.0430.061.2018138173405.hdf,68402638
3193698576,/archive/allData/61/MYD06_L2/2018/138/MYD06_L2.A2018138.0425.061.2018138174244.hdf,127135855
3193885531,/archive/allData/61/MYD06_L2/2018/138/MYD06_L2.A2018138.0605.061.2018138195334.hdf,121227050
3194745023,/archive/allData/61/MYD06_L2/2018/139/MYD06_L2.A2018139.0515.061.2018139173523.hdf,34041077
3194748202,/archive/allData/61/MYD06_L2/2018/139/MYD06_L2.A2018139.0335.061.2018139174221.hdf,91753531
3194751310,/archive/allData/61/MYD06_L2/2018/139/MYD06_L2.A2018139.0510.061.2018139174434.hdf,128566599
3195228086,/archive/allData/61/MYD06_L2/2018/140/MYD06_L2.A2018140.0420.061.2018140171418.hdf,74254239
3195231301,/archive/allData/61/MYD06_L2/2018/140/MYD06_L2.A2018140.0415.061.2018140172200.hdf,112925896
3195614827,/archive/allData/61/MYD06_L2/2018/141/MYD06_L2.A2018141.0500.061.2018141173540.hdf,65202784
3196952018,/archive/allData/61/MYD06_L2/2018/142/MYD06_L2.A2018142.0405.061.2018142171950.hdf,57716210
3196957804,/archive/allData/61/MYD06_L2/2018/142/MYD06_L2.A2018142.0540.061.2018142172610.hdf,108272924
3196961035,/archive/allData/61/MYD06_L2/2018/142/MYD06_L2.A2018142.0400.061.2018142172750.hdf,127220434
3200918748,/archive/allData/61/MYD06_L2/2018/143/MYD06_L2.A2018143.0450.061.2018150175404.hdf,87128598
3200933576,/archive/allData/61/MYD06_L2/2018/143/MYD06_L2.A2018143.0445.061.2018150180022.hdf,124759570
3201009671,/archive/allData/61/MYD06_L2/2018/144/MYD06_L2.A2018144.0530.061.2018150194001.hdf,71317375
3201010683,/archive/allData/61/MYD06_L2/2018/144/MYD06_L2.A2018144.0350.061.2018150194350.hdf,111489919
3201011384,/archive/allData/61/MYD06_L2/2018/144/MYD06_L2.A2018144.0355.061.2018150194514.hdf,127337742
3201017601,/archive/allData/61/MYD06_L2/2018/145/MYD06_L2.A2018145.0435.061.2018150200531.hdf,72487567
3201017992,/archive/allData/61/MYD06_L2/2018/146/MYD06_L2.A2018146.0520.061.2018150200719.hdf,93519214
3201019348,/archive/allData/61/MYD06_L2/2018/145/MYD06_L2.A2018145.0610.061.2018150201236.hdf,136119739
3201019684,/archive/allData/61/MYD06_L2/2018/146/MYD06_L2.A2018146.0340.061.2018150201417.hdf,101554319
3201021381,/archive/allData/61/MYD06_L2/2018/147/MYD06_L2.A2018147.0425.061.2018150201956.hdf,85377854
3201022177,/archive/allData/61/MYD06_L2/2018/146/MYD06_L2.A2018146.0515.061.2018150202402.hdf,144197327
3201022521,/archive/allData/61/MYD06_L2/2018/147/MYD06_L2.A2018147.0420.061.2018150202730.hdf,128058663
3201029367,/archive/allData/61/MYD06_L2/2018/148/MYD06_L2.A2018148.0505.061.2018150203850.hdf,101135965
3201035781,/archive/allData/61/MYD06_L2/2018/149/MYD06_L2.A2018149.0410.061.2018150204543.hdf,92973703
3201036807,/archive/allData/61/MYD06_L2/2018/149/MYD06_L2.A2018149.0545.061.2018150204738.hdf,116443424
3201036810,/archive/allData/61/MYD06_L2/2018/150/MYD06_L2.A2018150.0455.061.2018150204754.hdf,43390867
3201039030,/archive/allData/61/MYD06_L2/2018/150/MYD06_L2.A2018150.0450.061.2018150205352.hdf,112711977
3201434131,/archive/allData/61/MYD06_L2/2018/151/MYD06_L2.A2018151.0400.061.2018151173947.hdf,59185843
3201437795,/archive/allData/61/MYD06_L2/2018/151/MYD06_L2.A2018151.0535.061.2018151174612.hdf,140262205
3201438227,/archive/allData/61/MYD06_L2/2018/151/MYD06_L2.A2018151.0355.061.2018151174757.hdf,118656139
3202030295,/archive/allData/61/MYD06_L2/2018/152/MYD06_L2.A2018152.0440.061.2018152170640.hdf,106474170
3203105031,/archive/allData/61/MYD06_L2/2018/153/MYD06_L2.A2018153.0525.061.2018153171059.hdf,49529057
3203105379,/archive/allData/61/MYD06_L2/2018/153/MYD06_L2.A2018153.0345.061.2018153171226.hdf,99010750
3203106308,/archive/allData/61/MYD06_L2/2018/153/MYD06_L2.A2018153.0520.061.2018153171601.hdf,109985734
3203664656,/archive/allData/61/MYD06_L2/2018/154/MYD06_L2.A2018154.0430.061.2018154175043.hdf,40225655
3203669321,/archive/allData/61/MYD06_L2/2018/154/MYD06_L2.A2018154.0425.061.2018154175624.hdf,117431644
3203748602,/archive/allData/61/MYD06_L2/2018/154/MYD06_L2.A2018154.0605.061.2018154200223.hdf,112881687
3204307439,/archive/allData/61/MYD06_L2/2018/155/MYD06_L2.A2018155.0515.061.2018155181425.hdf,44866288
3204311291,/archive/allData/61/MYD06_L2/2018/155/MYD06_L2.A2018155.0335.061.2018155181733.hdf,75856686
3204312005,/archive/allData/61/MYD06_L2/2018/155/MYD06_L2.A2018155.0510.061.2018155181811.hdf,104506762
3204593936,/archive/allData/61/MYD06_L2/2018/156/MYD06_L2.A2018156.0420.061.2018156175433.hdf,46404357
3204594351,/archive/allData/61/MYD06_L2/2018/156/MYD06_L2.A2018156.0415.061.2018156175635.hdf,91623229
3205418728,/archive/allData/61/MYD06_L2/2018/157/MYD06_L2.A2018157.0500.061.2018157185231.hdf,123869801
3206277046,/archive/allData/61/MYD06_L2/2018/158/MYD06_L2.A2018158.0405.061.2018158174112.hdf,82972698
3206280285,/archive/allData/61/MYD06_L2/2018/158/MYD06_L2.A2018158.0540.061.2018158174452.hdf,118909401
3206281598,/archive/allData/61/MYD06_L2/2018/158/MYD06_L2.A2018158.0400.061.2018158174653.hdf,119007053
3207026305,/archive/allData/61/MYD06_L2/2018/159/MYD06_L2.A2018159.0450.061.2018159171948.hdf,68837797
3207027710,/archive/allData/61/MYD06_L2/2018/159/MYD06_L2.A2018159.0445.061.2018159172212.hdf,117211237
3207527563,/archive/allData/61/MYD06_L2/2018/160/MYD06_L2.A2018160.0530.061.2018160175643.hdf,91272188
3207527643,/archive/allData/61/MYD06_L2/2018/160/MYD06_L2.A2018160.0355.061.2018160175706.hdf,75472314
3207528519,/archive/allData/61/MYD06_L2/2018/160/MYD06_L2.A2018160.0350.061.2018160175935.hdf,122243063
3207896647,/archive/allData/61/MYD06_L2/2018/161/MYD06_L2.A2018161.0435.061.2018161180437.hdf,77478071
3207946352,/archive/allData/61/MYD06_L2/2018/161/MYD06_L2.A2018161.0610.061.2018161202330.hdf,123399693
3208625954,/archive/allData/61/MYD06_L2/2018/162/MYD06_L2.A2018162.0340.061.2018162172523.hdf,86673882
3208625957,/archive/allData/61/MYD06_L2/2018/162/MYD06_L2.A2018162.0520.061.2018162172216.hdf,67737996
3208628877,/archive/allData/61/MYD06_L2/2018/162/MYD06_L2.A2018162.0515.061.2018162172740.hdf,133803692
3209144095,/archive/allData/61/MYD06_L2/2018/163/MYD06_L2.A2018163.0425.061.2018163171946.hdf,49388463
3209148631,/archive/allData/61/MYD06_L2/2018/163/MYD06_L2.A2018163.0420.061.2018163172416.hdf,134985294
3209550159,/archive/allData/61/MYD06_L2/2018/164/MYD06_L2.A2018164.0505.061.2018164173053.hdf,103447685
3210610845,/archive/allData/61/MYD06_L2/2018/165/MYD06_L2.A2018165.0545.061.2018165170707.hdf,113490276
3210611201,/archive/allData/61/MYD06_L2/2018/165/MYD06_L2.A2018165.0410.061.2018165170918.hdf,89915834
3212004817,/archive/allData/61/MYD06_L2/2018/166/MYD06_L2.A2018166.0455.061.2018166171814.hdf,74841281
3212008251,/archive/allData/61/MYD06_L2/2018/166/MYD06_L2.A2018166.0450.061.2018166172324.hdf,129933024
3212877236,/archive/allData/61/MYD06_L2/2018/167/MYD06_L2.A2018167.0400.061.2018167171521.hdf,99237360
3212878146,/archive/allData/61/MYD06_L2/2018/167/MYD06_L2.A2018167.0535.061.2018167171649.hdf,106312083
3212885048,/archive/allData/61/MYD06_L2/2018/167/MYD06_L2.A2018167.0355.061.2018167171949.hdf,121899364
3213449179,/archive/allData/61/MYD06_L2/2018/168/MYD06_L2.A2018168.0440.061.2018168173123.hdf,110038335
3213927926,/archive/allData/61/MYD06_L2/2018/169/MYD06_L2.A2018169.0345.061.2018169170418.hdf,106830180
3213927932,/archive/allData/61/MYD06_L2/2018/169/MYD06_L2.A2018169.0520.061.2018169170623.hdf,118248485
3213927933,/archive/allData/61/MYD06_L2/2018/169/MYD06_L2.A2018169.0525.061.2018169170606.hdf,87914152
3215067560,/archive/allData/61/MYD06_L2/2018/170/MYD06_L2.A2018170.0425.061.2018170193137.hdf,115440350
3215067561,/archive/allData/61/MYD06_L2/2018/170/MYD06_L2.A2018170.0430.061.2018170192952.hdf,74040627
3218481505,/archive/allData/61/MYD06_L2/2018/171/MYD06_L2.A2018171.0515.061.2018176164413.hdf,31366466
3218488602,/archive/allData/61/MYD06_L2/2018/171/MYD06_L2.A2018171.0335.061.2018176165026.hdf,75924109
3218493681,/archive/allData/61/MYD06_L2/2018/171/MYD06_L2.A2018171.0510.061.2018176165350.hdf,112145087
3218651254,/archive/allData/61/MYD06_L2/2018/175/MYD06_L2.A2018175.0450.061.2018176182741.hdf,53700696
3218664323,/archive/allData/61/MYD06_L2/2018/172/MYD06_L2.A2018172.0415.061.2018176183621.hdf,81101590
3218666377,/archive/allData/61/MYD06_L2/2018/175/MYD06_L2.A2018175.0445.061.2018176183708.hdf,121852743
3218686581,/archive/allData/61/MYD06_L2/2018/173/MYD06_L2.A2018173.0500.061.2018176185200.hdf,68494629
3218741337,/archive/allData/61/MYD06_L2/2018/176/MYD06_L2.A2018176.0530.061.2018176193722.hdf,94036824
3218742143,/archive/allData/61/MYD06_L2/2018/176/MYD06_L2.A2018176.0350.061.2018176193815.hdf,92503005
3218746397,/archive/allData/61/MYD06_L2/2018/176/MYD06_L2.A2018176.0355.061.2018176194201.hdf,118445527
3219699801,/archive/allData/61/MYD06_L2/2018/174/MYD06_L2.A2018174.0405.061.2018178203805.hdf,71195484
3219706119,/archive/allData/61/MYD06_L2/2018/174/MYD06_L2.A2018174.0400.061.2018178204124.hdf,113824053
3219731883,/archive/allData/61/MYD06_L2/2018/174/MYD06_L2.A2018174.0540.061.2018178204926.hdf,124515458
3219749465,/archive/allData/61/MYD06_L2/2018/177/MYD06_L2.A2018177.0435.061.2018178214312.hdf,95621271
3219751318,/archive/allData/61/MYD06_L2/2018/177/MYD06_L2.A2018177.0610.061.2018178215101.hdf,128159598
3219751791,/archive/allData/61/MYD06_L2/2018/178/MYD06_L2.A2018178.0340.061.2018178215423.hdf,129560173
3224085221,/archive/allData/61/MYD06_L2/2018/178/MYD06_L2.A2018178.0520.061.2018186123956.hdf,10516008
3224092747,/archive/allData/61/MYD06_L2/2018/178/MYD06_L2.A2018178.0515.061.2018186125748.hdf,137572051
3224113949,/archive/allData/61/MYD06_L2/2018/179/MYD06_L2.A2018179.0425.061.2018186134304.hdf,60764402
3224121362,/archive/allData/61/MYD06_L2/2018/179/MYD06_L2.A2018179.0420.061.2018186135156.hdf,128388122
3224122799,/archive/allData/61/MYD06_L2/2018/180/MYD06_L2.A2018180.0505.061.2018186135416.hdf,98899428
3224132165,/archive/allData/61/MYD06_L2/2018/181/MYD06_L2.A2018181.0410.061.2018186140850.hdf,100667944
3224133486,/archive/allData/61/MYD06_L2/2018/181/MYD06_L2.A2018181.0545.061.2018186141042.hdf,112471918
3224137418,/archive/allData/61/MYD06_L2/2018/182/MYD06_L2.A2018182.0455.061.2018186141753.hdf,44282076
3224142397,/archive/allData/61/MYD06_L2/2018/182/MYD06_L2.A2018182.0450.061.2018186142426.hdf,115786287
3224151041,/archive/allData/61/MYD06_L2/2018/183/MYD06_L2.A2018183.0400.061.2018186143831.hdf,100636186
3224151404,/archive/allData/61/MYD06_L2/2018/183/MYD06_L2.A2018183.0355.061.2018186143902.hdf,101995636
3224154225,/archive/allData/61/MYD06_L2/2018/183/MYD06_L2.A2018183.0535.061.2018186144240.hdf,145769713
3224160829,/archive/allData/61/MYD06_L2/2018/184/MYD06_L2.A2018184.0440.061.2018186145225.hdf,105087066
3224167806,/archive/allData/61/MYD06_L2/2018/185/MYD06_L2.A2018185.0345.061.2018186150110.hdf,88385935
3224167807,/archive/allData/61/MYD06_L2/2018/185/MYD06_L2.A2018185.0525.061.2018186150114.hdf,69286676
3224171512,/archive/allData/61/MYD06_L2/2018/185/MYD06_L2.A2018185.0520.061.2018186150501.hdf,110115531
3224377857,/archive/allData/61/MYD06_L2/2018/186/MYD06_L2.A2018186.0430.061.2018186183449.hdf,47906274
3224380080,/archive/allData/61/MYD06_L2/2018/186/MYD06_L2.A2018186.0425.061.2018186184019.hdf,129834418
3225027320,/archive/allData/61/MYD06_L2/2018/187/MYD06_L2.A2018187.0515.061.2018187170143.hdf,24471609
3225029335,/archive/allData/61/MYD06_L2/2018/187/MYD06_L2.A2018187.0335.061.2018187170653.hdf,87176113
3225031276,/archive/allData/61/MYD06_L2/2018/187/MYD06_L2.A2018187.0510.061.2018187171045.hdf,120025378
3225663048,/archive/allData/61/MYD06_L2/2018/188/MYD06_L2.A2018188.0415.061.2018188190218.hdf,104194514
3226149580,/archive/allData/61/MYD06_L2/2018/189/MYD06_L2.A2018189.0500.061.2018189190545.hdf,85253185
3226785376,/archive/allData/61/MYD06_L2/2018/190/MYD06_L2.A2018190.0405.061.2018190171552.hdf,66634408
3226786291,/archive/allData/61/MYD06_L2/2018/190/MYD06_L2.A2018190.0540.061.2018190171645.hdf,112936176
3226789950,/archive/allData/61/MYD06_L2/2018/190/MYD06_L2.A2018190.0400.061.2018190172050.hdf,120163591
3227772068,/archive/allData/61/MYD06_L2/2018/191/MYD06_L2.A2018191.0450.061.2018191170801.hdf,23055032
3227775219,/archive/allData/61/MYD06_L2/2018/191/MYD06_L2.A2018191.0445.061.2018191171336.hdf,104794959
3228779940,/archive/allData/61/MYD06_L2/2018/192/MYD06_L2.A2018192.0530.061.2018192184610.hdf,49991563
3228781303,/archive/allData/61/MYD06_L2/2018/192/MYD06_L2.A2018192.0355.061.2018192185008.hdf,72183950
3228782716,/archive/allData/61/MYD06_L2/2018/192/MYD06_L2.A2018192.0350.061.2018192185334.hdf,88098761
3232119134,/archive/allData/61/MYD06_L2/2018/193/MYD06_L2.A2018193.0435.061.2018198160342.hdf,63384841
3232123590,/archive/allData/61/MYD06_L2/2018/193/MYD06_L2.A2018193.0610.061.2018198161441.hdf,124840514
3232188723,/archive/allData/61/MYD06_L2/2018/194/MYD06_L2.A2018194.0520.061.2018198180122.hdf,28425882
3232189431,/archive/allData/61/MYD06_L2/2018/194/MYD06_L2.A2018194.0340.061.2018198180520.hdf,79765717
3232190424,/archive/allData/61/MYD06_L2/2018/195/MYD06_L2.A2018195.0425.061.2018198180950.hdf,27573972
3232191177,/archive/allData/61/MYD06_L2/2018/194/MYD06_L2.A2018194.0515.061.2018198181149.hdf,118592057
3232192777,/archive/allData/61/MYD06_L2/2018/195/MYD06_L2.A2018195.0420.061.2018198181728.hdf,101873533
3232197132,/archive/allData/61/MYD06_L2/2018/196/MYD06_L2.A2018196.0505.061.2018198183604.hdf,111297284
3232199197,/archive/allData/61/MYD06_L2/2018/197/MYD06_L2.A2018197.0410.061.2018198184335.hdf,71765634
3232201057,/archive/allData/61/MYD06_L2/2018/197/MYD06_L2.A2018197.0545.061.2018198184851.hdf,132289018
3232203279,/archive/allData/61/MYD06_L2/2018/198/MYD06_L2.A2018198.0455.061.2018198185429.hdf,37471523
3232206205,/archive/allData/61/MYD06_L2/2018/198/MYD06_L2.A2018198.0450.061.2018198190036.hdf,122507703
3232659943,/archive/allData/61/MYD06_L2/2018/199/MYD06_L2.A2018199.0400.061.2018199172821.hdf,44041239
3232665253,/archive/allData/61/MYD06_L2/2018/199/MYD06_L2.A2018199.0535.061.2018199173108.hdf,109646057
3232676328,/archive/allData/61/MYD06_L2/2018/199/MYD06_L2.A2018199.0355.061.2018199173838.hdf,99547261
3233479704,/archive/allData/61/MYD06_L2/2018/200/MYD06_L2.A2018200.0440.061.2018200170618.hdf,106961428
3234622791,/archive/allData/61/MYD06_L2/2018/201/MYD06_L2.A2018201.0525.061.2018201172259.hdf,61507024
3234625210,/archive/allData/61/MYD06_L2/2018/201/MYD06_L2.A2018201.0345.061.2018201172552.hdf,111413260
3236162250,/archive/allData/61/MYD06_L2/2018/202/MYD06_L2.A2018202.0430.061.2018202174023.hdf,53172671
3236166989,/archive/allData/61/MYD06_L2/2018/202/MYD06_L2.A2018202.0425.061.2018202174534.hdf,129609648
3236298360,/archive/allData/61/MYD06_L2/2018/202/MYD06_L2.A2018202.0605.061.2018202201741.hdf,126857569
3239379755,/archive/allData/61/MYD06_L2/2018/203/MYD06_L2.A2018203.0515.061.2018205204534.hdf,36877705
3239382220,/archive/allData/61/MYD06_L2/2018/203/MYD06_L2.A2018203.0335.061.2018205204839.hdf,67068080
3239388138,/archive/allData/61/MYD06_L2/2018/203/MYD06_L2.A2018203.0510.061.2018205205333.hdf,130108638
3239409251,/archive/allData/61/MYD06_L2/2018/204/MYD06_L2.A2018204.0420.061.2018205214014.hdf,37190381
3239413328,/archive/allData/61/MYD06_L2/2018/204/MYD06_L2.A2018204.0415.061.2018205214910.hdf,121677343
3239414915,/archive/allData/61/MYD06_L2/2018/205/MYD06_L2.A2018205.0500.061.2018205215137.hdf,70104883
3240011090,/archive/allData/61/MYD06_L2/2018/206/MYD06_L2.A2018206.0405.061.2018206174828.hdf,65435171
3240014438,/archive/allData/61/MYD06_L2/2018/206/MYD06_L2.A2018206.0540.061.2018206175434.hdf,139393299
3240015931,/archive/allData/61/MYD06_L2/2018/206/MYD06_L2.A2018206.0400.061.2018206175659.hdf,117835362
3240550077,/archive/allData/61/MYD06_L2/2018/207/MYD06_L2.A2018207.0450.061.2018207172029.hdf,55457992
3240551625,/archive/allData/61/MYD06_L2/2018/207/MYD06_L2.A2018207.0445.061.2018207173006.hdf,127424306
3241236857,/archive/allData/61/MYD06_L2/2018/208/MYD06_L2.A2018208.0355.061.2018208171726.hdf,71486106
3241237240,/archive/allData/61/MYD06_L2/2018/208/MYD06_L2.A2018208.0350.061.2018208171929.hdf,96383767
3241237689,/archive/allData/61/MYD06_L2/2018/208/MYD06_L2.A2018208.0530.061.2018208172119.hdf,105080630
3242089843,/archive/allData/61/MYD06_L2/2018/209/MYD06_L2.A2018209.0435.061.2018209173107.hdf,93180912
3242195818,/archive/allData/61/MYD06_L2/2018/209/MYD06_L2.A2018209.0610.061.2018209202014.hdf,124713690
3242698577,/archive/allData/61/MYD06_L2/2018/210/MYD06_L2.A2018210.0520.061.2018210170301.hdf,45269558
3242699672,/archive/allData/61/MYD06_L2/2018/210/MYD06_L2.A2018210.0340.061.2018210170756.hdf,91310698
3242700008,/archive/allData/61/MYD06_L2/2018/210/MYD06_L2.A2018210.0515.061.2018210170926.hdf,129489989
3243209373,/archive/allData/61/MYD06_L2/2018/211/MYD06_L2.A2018211.0425.061.2018211172111.hdf,36862526
3243212809,/archive/allData/61/MYD06_L2/2018/211/MYD06_L2.A2018211.0420.061.2018211172927.hdf,132968468
3243992454,/archive/allData/61/MYD06_L2/2018/212/MYD06_L2.A2018212.0505.061.2018212172413.hdf,86465659
3244609668,/archive/allData/61/MYD06_L2/2018/213/MYD06_L2.A2018213.0410.061.2018213172917.hdf,64105212
3244765520,/archive/allData/61/MYD06_L2/2018/214/MYD06_L2.A2018214.0455.061.2018214174236.hdf,109326002
3244765727,/archive/allData/61/MYD06_L2/2018/214/MYD06_L2.A2018214.0450.061.2018214174656.hdf,143850802
3247160280,/archive/allData/61/MYD06_L2/2018/215/MYD06_L2.A2018215.0400.061.2018220194808.hdf,70893411
3247162427,/archive/allData/61/MYD06_L2/2018/216/MYD06_L2.A2018216.0445.061.2018220195222.hdf,36519787
3247163258,/archive/allData/61/MYD06_L2/2018/215/MYD06_L2.A2018215.0535.061.2018220195348.hdf,131110674
3247166741,/archive/allData/61/MYD06_L2/2018/215/MYD06_L2.A2018215.0355.061.2018220200042.hdf,139193247
3247167758,/archive/allData/61/MYD06_L2/2018/216/MYD06_L2.A2018216.0440.061.2018220200242.hdf,115875788
3247174974,/archive/allData/61/MYD06_L2/2018/217/MYD06_L2.A2018217.0345.061.2018220201352.hdf,65269977
3247179352,/archive/allData/61/MYD06_L2/2018/217/MYD06_L2.A2018217.0525.061.2018220201912.hdf,95776129
3247187457,/archive/allData/61/MYD06_L2/2018/218/MYD06_L2.A2018218.0430.061.2018220203003.hdf,75504719
3247192005,/archive/allData/61/MYD06_L2/2018/218/MYD06_L2.A2018218.0425.061.2018220203732.hdf,138673287
3247192944,/archive/allData/61/MYD06_L2/2018/218/MYD06_L2.A2018218.0605.061.2018220203859.hdf,149583881
3247193693,/archive/allData/61/MYD06_L2/2018/219/MYD06_L2.A2018219.0515.061.2018220204014.hdf,22461519
3247201655,/archive/allData/61/MYD06_L2/2018/219/MYD06_L2.A2018219.0335.061.2018220204634.hdf,100259171
3247207957,/archive/allData/61/MYD06_L2/2018/219/MYD06_L2.A2018219.0510.061.2018220205146.hdf,137644901
3247211781,/archive/allData/61/MYD06_L2/2018/220/MYD06_L2.A2018220.0420.061.2018220205426.hdf,33768190
3247221801,/archive/allData/61/MYD06_L2/2018/220/MYD06_L2.A2018220.0415.061.2018220210144.hdf,118867599
3247900975,/archive/allData/61/MYD06_L2/2018/221/MYD06_L2.A2018221.0500.061.2018221170751.hdf,68678383
3248554683,/archive/allData/61/MYD06_L2/2018/222/MYD06_L2.A2018222.0405.061.2018222170511.hdf,52850983
3248559354,/archive/allData/61/MYD06_L2/2018/222/MYD06_L2.A2018222.0540.061.2018222171223.hdf,120165563
3256408487,/archive/allData/61/MYD06_L2/2018/231/MYD06_L2.A2018231.0400.061.2018231184452.hdf,44348535
3256408904,/archive/allData/61/MYD06_L2/2018/231/MYD06_L2.A2018231.0535.061.2018231184913.hdf,105191090
3256412193,/archive/allData/61/MYD06_L2/2018/231/MYD06_L2.A2018231.0355.061.2018231185434.hdf,137525631
3256790866,/archive/allData/61/MYD06_L2/2018/227/MYD06_L2.A2018227.0425.061.2018232160509.hdf,36652395
3256792641,/archive/allData/61/MYD06_L2/2018/227/MYD06_L2.A2018227.0420.061.2018232161207.hdf,128468486
3256801193,/archive/allData/61/MYD06_L2/2018/223/MYD06_L2.A2018223.0450.061.2018232163655.hdf,40727031
3256802695,/archive/allData/61/MYD06_L2/2018/223/MYD06_L2.A2018223.0445.061.2018232164309.hdf,116947927
3256805933,/archive/allData/61/MYD06_L2/2018/225/MYD06_L2.A2018225.0435.061.2018232165358.hdf,72008707
3256808767,/archive/allData/61/MYD06_L2/2018/226/MYD06_L2.A2018226.0520.061.2018232170426.hdf,34198604
3256809180,/archive/allData/61/MYD06_L2/2018/225/MYD06_L2.A2018225.0610.061.2018232170558.hdf,135835807
3256809569,/archive/allData/61/MYD06_L2/2018/226/MYD06_L2.A2018226.0340.061.2018232170652.hdf,62539313
3256811885,/archive/allData/61/MYD06_L2/2018/226/MYD06_L2.A2018226.0515.061.2018232171513.hdf,136492188
3256815564,/archive/allData/61/MYD06_L2/2018/228/MYD06_L2.A2018228.0505.061.2018232172727.hdf,100457144
3256820066,/archive/allData/61/MYD06_L2/2018/229/MYD06_L2.A2018229.0410.061.2018232173750.hdf,71670849
3256824953,/archive/allData/61/MYD06_L2/2018/230/MYD06_L2.A2018230.0455.061.2018232175151.hdf,50243008
3256826913,/archive/allData/61/MYD06_L2/2018/230/MYD06_L2.A2018230.0450.061.2018232175930.hdf,131887214
3256831395,/archive/allData/61/MYD06_L2/2018/224/MYD06_L2.A2018224.0355.061.2018232180613.hdf,43620111
3256835031,/archive/allData/61/MYD06_L2/2018/224/MYD06_L2.A2018224.0530.061.2018232181137.hdf,82109475
3256837322,/archive/allData/61/MYD06_L2/2018/224/MYD06_L2.A2018224.0350.061.2018232181310.hdf,115481840
3256920075,/archive/allData/61/MYD06_L2/2018/232/MYD06_L2.A2018232.0445.061.2018232200701.hdf,27313203
3256926917,/archive/allData/61/MYD06_L2/2018/232/MYD06_L2.A2018232.0440.061.2018232201837.hdf,100276904
3258548889,/archive/allData/61/MYD06_L2/2018/233/MYD06_L2.A2018233.0525.061.2018235162826.hdf,58306461
3258549263,/archive/allData/61/MYD06_L2/2018/233/MYD06_L2.A2018233.0345.061.2018235162934.hdf,89885832
3258641465,/archive/allData/61/MYD06_L2/2018/234/MYD06_L2.A2018234.0430.061.2018235180002.hdf,48518889
3258649754,/archive/allData/61/MYD06_L2/2018/234/MYD06_L2.A2018234.0605.061.2018235180907.hdf,122511910
3258649899,/archive/allData/61/MYD06_L2/2018/234/MYD06_L2.A2018234.0425.061.2018235181019.hdf,124111313
3258659828,/archive/allData/61/MYD06_L2/2018/235/MYD06_L2.A2018235.0515.061.2018235183611.hdf,38409186
3258660241,/archive/allData/61/MYD06_L2/2018/235/MYD06_L2.A2018235.0335.061.2018235183736.hdf,54123554
3258666277,/archive/allData/61/MYD06_L2/2018/235/MYD06_L2.A2018235.0510.061.2018235184609.hdf,121448052
3259109605,/archive/allData/61/MYD06_L2/2018/236/MYD06_L2.A2018236.0420.061.2018236164421.hdf,59009193
3259114082,/archive/allData/61/MYD06_L2/2018/236/MYD06_L2.A2018236.0415.061.2018236164939.hdf,79119780
3259852331,/archive/allData/61/MYD06_L2/2018/237/MYD06_L2.A2018237.0500.061.2018237172040.hdf,55482736
3260262138,/archive/allData/61/MYD06_L2/2018/238/MYD06_L2.A2018238.0405.061.2018238171932.hdf,80114454
3260262425,/archive/allData/61/MYD06_L2/2018/238/MYD06_L2.A2018238.0540.061.2018238172152.hdf,105103821
3260265771,/archive/allData/61/MYD06_L2/2018/238/MYD06_L2.A2018238.0400.061.2018238172700.hdf,134963236
3260657956,/archive/allData/61/MYD06_L2/2018/239/MYD06_L2.A2018239.0450.061.2018239163543.hdf,21489548
3260671402,/archive/allData/61/MYD06_L2/2018/239/MYD06_L2.A2018239.0445.061.2018239164428.hdf,94543706
3261285555,/archive/allData/61/MYD06_L2/2018/240/MYD06_L2.A2018240.0355.061.2018240165654.hdf,47620687
3261288833,/archive/allData/61/MYD06_L2/2018/240/MYD06_L2.A2018240.0350.061.2018240170106.hdf,110956454
3261288835,/archive/allData/61/MYD06_L2/2018/240/MYD06_L2.A2018240.0530.061.2018240170102.hdf,90226703
3262563447,/archive/allData/61/MYD06_L2/2018/241/MYD06_L2.A2018241.0435.061.2018242003756.hdf,79031528
3262572828,/archive/allData/61/MYD06_L2/2018/241/MYD06_L2.A2018241.0610.061.2018242004439.hdf,141934159
3263590403,/archive/allData/61/MYD06_L2/2018/242/MYD06_L2.A2018242.0340.061.2018242172115.hdf,67739130
3263620642,/archive/allData/61/MYD06_L2/2018/242/MYD06_L2.A2018242.0520.061.2018242172312.hdf,92721606
3263655282,/archive/allData/61/MYD06_L2/2018/242/MYD06_L2.A2018242.0515.061.2018242172836.hdf,141798794
3264822254,/archive/allData/61/MYD06_L2/2018/243/MYD06_L2.A2018243.0425.061.2018243225505.hdf,61755476
3264824271,/archive/allData/61/MYD06_L2/2018/243/MYD06_L2.A2018243.0420.061.2018243230032.hdf,141427282
3265478922,/archive/allData/61/MYD06_L2/2018/244/MYD06_L2.A2018244.0505.061.2018244173722.hdf,100569615
3266178375,/archive/allData/61/MYD06_L2/2018/245/MYD06_L2.A2018245.0410.061.2018245201912.hdf,88054059
3266178982,/archive/allData/61/MYD06_L2/2018/245/MYD06_L2.A2018245.0545.061.2018245202223.hdf,118390248
3266689000,/archive/allData/61/MYD06_L2/2018/246/MYD06_L2.A2018246.0455.061.2018246231005.hdf,32636467
3266692416,/archive/allData/61/MYD06_L2/2018/246/MYD06_L2.A2018246.0450.061.2018246231406.hdf,97358563
3267575856,/archive/allData/61/MYD06_L2/2018/247/MYD06_L2.A2018247.0400.061.2018247181951.hdf,76486013
3267576385,/archive/allData/61/MYD06_L2/2018/247/MYD06_L2.A2018247.0535.061.2018247182108.hdf,110884368
3267576877,/archive/allData/61/MYD06_L2/2018/247/MYD06_L2.A2018247.0355.061.2018247182159.hdf,88882331
3268305540,/archive/allData/61/MYD06_L2/2018/248/MYD06_L2.A2018248.0440.061.2018248171728.hdf,117733769
3269194945,/archive/allData/61/MYD06_L2/2018/249/MYD06_L2.A2018249.0525.061.2018249170909.hdf,52297791
3269195579,/archive/allData/61/MYD06_L2/2018/249/MYD06_L2.A2018249.0345.061.2018249171254.hdf,109297124
3269689725,/archive/allData/61/MYD06_L2/2018/250/MYD06_L2.A2018250.0430.061.2018250171305.hdf,45114964
3269690987,/archive/allData/61/MYD06_L2/2018/250/MYD06_L2.A2018250.0425.061.2018250171853.hdf,116104823
3269745048,/archive/allData/61/MYD06_L2/2018/250/MYD06_L2.A2018250.0605.061.2018250200955.hdf,121821706
3270058770,/archive/allData/61/MYD06_L2/2018/251/MYD06_L2.A2018251.0515.061.2018251170354.hdf,19649847
3270059575,/archive/allData/61/MYD06_L2/2018/251/MYD06_L2.A2018251.0335.061.2018251170744.hdf,78491822
3270062199,/archive/allData/61/MYD06_L2/2018/251/MYD06_L2.A2018251.0510.061.2018251170915.hdf,103879241
3270363516,/archive/allData/61/MYD06_L2/2018/252/MYD06_L2.A2018252.0420.061.2018252171643.hdf,38187788
3270364712,/archive/allData/61/MYD06_L2/2018/252/MYD06_L2.A2018252.0415.061.2018252172328.hdf,75894875
3270785533,/archive/allData/61/MYD06_L2/2018/253/MYD06_L2.A2018253.0500.061.2018253172004.hdf,34053668
3271491894,/archive/allData/61/MYD06_L2/2018/254/MYD06_L2.A2018254.0405.061.2018254170835.hdf,42768609
3271502254,/archive/allData/61/MYD06_L2/2018/254/MYD06_L2.A2018254.0540.061.2018254171619.hdf,124008015
3271505047,/archive/allData/61/MYD06_L2/2018/254/MYD06_L2.A2018254.0400.061.2018254171828.hdf,122715786
3274648888,/archive/allData/61/MYD06_L2/2018/255/MYD06_L2.A2018255.0450.061.2018256152639.hdf,25333342
3274652365,/archive/allData/61/MYD06_L2/2018/255/MYD06_L2.A2018255.0445.061.2018256153337.hdf,109777380
3274942160,/archive/allData/61/MYD06_L2/2018/256/MYD06_L2.A2018256.0355.061.2018256202450.hdf,60542500
3274944310,/archive/allData/61/MYD06_L2/2018/256/MYD06_L2.A2018256.0350.061.2018256202836.hdf,74486614
3274944781,/archive/allData/61/MYD06_L2/2018/256/MYD06_L2.A2018256.0530.061.2018256202945.hdf,65757873
3276896528,/archive/allData/61/MYD06_L2/2018/257/MYD06_L2.A2018257.0435.061.2018258191133.hdf,41089881
3284357144,/archive/allData/61/MYD06_L2/2018/257/MYD06_L2.A2018257.0610.061.2018260162808.hdf,129946351
3295195965,/archive/allData/61/MYD06_L2/2018/259/MYD06_L2.A2018259.0425.061.2018260174908.hdf,21261363
3295196636,/archive/allData/61/MYD06_L2/2018/258/MYD06_L2.A2018258.0520.061.2018260175003.hdf,27698228
3295199279,/archive/allData/61/MYD06_L2/2018/258/MYD06_L2.A2018258.0340.061.2018260175250.hdf,61259288
3295205119,/archive/allData/61/MYD06_L2/2018/258/MYD06_L2.A2018258.0515.061.2018260175717.hdf,121928489
3295206906,/archive/allData/61/MYD06_L2/2018/259/MYD06_L2.A2018259.0420.061.2018260175824.hdf,107388917
3295218721,/archive/allData/61/MYD06_L2/2018/260/MYD06_L2.A2018260.0505.061.2018260180539.hdf,69050098
3298961334,/archive/allData/61/MYD06_L2/2018/261/MYD06_L2.A2018261.0410.061.2018261173420.hdf,67202504
3298996070,/archive/allData/61/MYD06_L2/2018/261/MYD06_L2.A2018261.0545.061.2018261174111.hdf,130946600
3315450739,/archive/allData/61/MYD06_L2/2018/262/MYD06_L2.A2018262.0455.061.2018263184342.hdf,58568260
3315457651,/archive/allData/61/MYD06_L2/2018/262/MYD06_L2.A2018262.0450.061.2018263185150.hdf,115072220
3323105077,/archive/allData/61/MYD06_L2/2018/263/MYD06_L2.A2018263.0400.061.2018267172402.hdf,39595338
3323118189,/archive/allData/61/MYD06_L2/2018/263/MYD06_L2.A2018263.0535.061.2018267172900.hdf,98634647
3323134436,/archive/allData/61/MYD06_L2/2018/263/MYD06_L2.A2018263.0355.061.2018267173403.hdf,109674492
3323233467,/archive/allData/61/MYD06_L2/2018/264/MYD06_L2.A2018264.0440.061.2018267182826.hdf,90101796
3323234752,/archive/allData/61/MYD06_L2/2018/265/MYD06_L2.A2018265.0525.061.2018267182932.hdf,44579042
3323240335,/archive/allData/61/MYD06_L2/2018/265/MYD06_L2.A2018265.0345.061.2018267183501.hdf,104161111
3323243648,/archive/allData/61/MYD06_L2/2018/265/MYD06_L2.A2018265.0520.061.2018267183757.hdf,119782902
3323251816,/archive/allData/61/MYD06_L2/2018/266/MYD06_L2.A2018266.0430.061.2018267184220.hdf,37221458
3323269469,/archive/allData/61/MYD06_L2/2018/266/MYD06_L2.A2018266.0425.061.2018267185251.hdf,120041287
3323276812,/archive/allData/61/MYD06_L2/2018/267/MYD06_L2.A2018267.0515.061.2018267185828.hdf,24790556
3323312816,/archive/allData/61/MYD06_L2/2018/267/MYD06_L2.A2018267.0335.061.2018267190352.hdf,88194353
3323322272,/archive/allData/61/MYD06_L2/2018/267/MYD06_L2.A2018267.0510.061.2018267190608.hdf,97742976
3325546991,/archive/allData/61/MYD06_L2/2018/268/MYD06_L2.A2018268.0415.061.2018268171648.hdf,87520716
3330371694,/archive/allData/61/MYD06_L2/2018/269/MYD06_L2.A2018269.0500.061.2018271163204.hdf,45869781
3330444402,/archive/allData/61/MYD06_L2/2018/269/MYD06_L2.A2018269.0455.061.2018271165533.hdf,140060384
3330516787,/archive/allData/61/MYD06_L2/2018/270/MYD06_L2.A2018270.0405.061.2018271174407.hdf,50168321
3330532520,/archive/allData/61/MYD06_L2/2018/270/MYD06_L2.A2018270.0540.061.2018271175416.hdf,106367037
3330533107,/archive/allData/61/MYD06_L2/2018/270/MYD06_L2.A2018270.0400.061.2018271175442.hdf,110659956
3330543458,/archive/allData/61/MYD06_L2/2018/271/MYD06_L2.A2018271.0450.061.2018271180108.hdf,60187687
3330550962,/archive/allData/61/MYD06_L2/2018/271/MYD06_L2.A2018271.0445.061.2018271180612.hdf,114528907
3331880068,/archive/allData/61/MYD06_L2/2018/272/MYD06_L2.A2018272.0350.061.2018272174610.hdf,102641427
3331881166,/archive/allData/61/MYD06_L2/2018/272/MYD06_L2.A2018272.0530.061.2018272174725.hdf,108433328
3333113806,/archive/allData/61/MYD06_L2/2018/273/MYD06_L2.A2018273.0435.061.2018273170045.hdf,59076979
3333308525,/archive/allData/61/MYD06_L2/2018/273/MYD06_L2.A2018273.0610.061.2018273203037.hdf,127634236
3334445229,/archive/allData/61/MYD06_L2/2018/274/MYD06_L2.A2018274.0340.061.2018274171138.hdf,66194572
3334445231,/archive/allData/61/MYD06_L2/2018/274/MYD06_L2.A2018274.0520.061.2018274171146.hdf,89771684
3334449122,/archive/allData/61/MYD06_L2/2018/274/MYD06_L2.A2018274.0515.061.2018274171713.hdf,129941160
3336597552,/archive/allData/61/MYD06_L2/2018/275/MYD06_L2.A2018275.0425.061.2018276002114.hdf,61388410
3336605122,/archive/allData/61/MYD06_L2/2018/275/MYD06_L2.A2018275.0420.061.2018276002752.hdf,114915003
3337995633,/archive/allData/61/MYD06_L2/2018/276/MYD06_L2.A2018276.0505.061.2018276222431.hdf,112983301
3339690360,/archive/allData/61/MYD06_L2/2018/277/MYD06_L2.A2018277.0410.061.2018277200256.hdf,101596352
3339693393,/archive/allData/61/MYD06_L2/2018/277/MYD06_L2.A2018277.0545.061.2018277200544.hdf,113455751
3342185715,/archive/allData/61/MYD06_L2/2018/278/MYD06_L2.A2018278.0455.061.2018279004047.hdf,62828931
3342196971,/archive/allData/61/MYD06_L2/2018/278/MYD06_L2.A2018278.0450.061.2018279005017.hdf,116420168
3343251654,/archive/allData/61/MYD06_L2/2018/279/MYD06_L2.A2018279.0400.061.2018279180200.hdf,59624881
3343256310,/archive/allData/61/MYD06_L2/2018/279/MYD06_L2.A2018279.0535.061.2018279180749.hdf,109397996
3343259767,/archive/allData/61/MYD06_L2/2018/279/MYD06_L2.A2018279.0355.061.2018279181112.hdf,108210857
3344495922,/archive/allData/61/MYD06_L2/2018/280/MYD06_L2.A2018280.0440.061.2018280170225.hdf,84773058
3346088962,/archive/allData/61/MYD06_L2/2018/281/MYD06_L2.A2018281.0345.061.2018281185454.hdf,96667370
3346090680,/archive/allData/61/MYD06_L2/2018/281/MYD06_L2.A2018281.0525.061.2018281185716.hdf,86975444
3346093574,/archive/allData/61/MYD06_L2/2018/281/MYD06_L2.A2018281.0520.061.2018281190106.hdf,128337340
3347603838,/archive/allData/61/MYD06_L2/2018/282/MYD06_L2.A2018282.0430.061.2018282180422.hdf,69448520
3347616158,/archive/allData/61/MYD06_L2/2018/282/MYD06_L2.A2018282.0425.061.2018282181059.hdf,135278339
3349374958,/archive/allData/61/MYD06_L2/2018/283/MYD06_L2.A2018283.0515.061.2018283165522.hdf,65593875
3349375618,/archive/allData/61/MYD06_L2/2018/283/MYD06_L2.A2018283.0335.061.2018283165549.hdf,64594874
3349385488,/archive/allData/61/MYD06_L2/2018/283/MYD06_L2.A2018283.0510.061.2018283170112.hdf,101305812
3351177754,/archive/allData/61/MYD06_L2/2018/284/MYD06_L2.A2018284.0415.061.2018284211258.hdf,96542332
3352419897,/archive/allData/61/MYD06_L2/2018/285/MYD06_L2.A2018285.0500.061.2018285185610.hdf,87075299
3352422248,/archive/allData/61/MYD06_L2/2018/285/MYD06_L2.A2018285.0455.061.2018285185808.hdf,107558273
3353826705,/archive/allData/61/MYD06_L2/2018/286/MYD06_L2.A2018286.0405.061.2018286172046.hdf,112137583
3353828307,/archive/allData/61/MYD06_L2/2018/286/MYD06_L2.A2018286.0400.061.2018286172322.hdf,102088892
3353831723,/archive/allData/61/MYD06_L2/2018/286/MYD06_L2.A2018286.0540.061.2018286172637.hdf,136481808
3356104635,/archive/allData/61/MYD06_L2/2018/287/MYD06_L2.A2018287.0450.061.2018287170849.hdf,64816593
3356110294,/archive/allData/61/MYD06_L2/2018/287/MYD06_L2.A2018287.0445.061.2018287171534.hdf,128027120
3357919220,/archive/allData/61/MYD06_L2/2018/288/MYD06_L2.A2018288.0530.061.2018288171857.hdf,78749131
3357922822,/archive/allData/61/MYD06_L2/2018/288/MYD06_L2.A2018288.0350.061.2018288172311.hdf,112808341
3359590064,/archive/allData/61/MYD06_L2/2018/289/MYD06_L2.A2018289.0435.061.2018289190152.hdf,83583971
3359680981,/archive/allData/61/MYD06_L2/2018/289/MYD06_L2.A2018289.0610.061.2018289200807.hdf,118486233
3361191746,/archive/allData/61/MYD06_L2/2018/290/MYD06_L2.A2018290.0520.061.2018290171102.hdf,35829152
3361199728,/archive/allData/61/MYD06_L2/2018/290/MYD06_L2.A2018290.0515.061.2018290172012.hdf,121783057
3361200105,/archive/allData/61/MYD06_L2/2018/290/MYD06_L2.A2018290.0340.061.2018290172032.hdf,115409252
3363477437,/archive/allData/61/MYD06_L2/2018/291/MYD06_L2.A2018291.0425.061.2018291212857.hdf,57498220
3363491455,/archive/allData/61/MYD06_L2/2018/291/MYD06_L2.A2018291.0420.061.2018291213445.hdf,117769779
3365487514,/archive/allData/61/MYD06_L2/2018/292/MYD06_L2.A2018292.0505.061.2018292184200.hdf,88787216
3374078351,/archive/allData/61/MYD06_L2/2018/293/MYD06_L2.A2018293.0410.061.2018296165508.hdf,97356669
3374101665,/archive/allData/61/MYD06_L2/2018/293/MYD06_L2.A2018293.0545.061.2018296170235.hdf,133546491
3374217833,/archive/allData/61/MYD06_L2/2018/294/MYD06_L2.A2018294.0455.061.2018296180758.hdf,28564585
3374220126,/archive/allData/61/MYD06_L2/2018/295/MYD06_L2.A2018295.0400.061.2018296180912.hdf,53581493
3374224764,/archive/allData/61/MYD06_L2/2018/295/MYD06_L2.A2018295.0355.061.2018296181105.hdf,96560111
3374224765,/archive/allData/61/MYD06_L2/2018/295/MYD06_L2.A2018295.0535.061.2018296181112.hdf,88024956
3374230871,/archive/allData/61/MYD06_L2/2018/294/MYD06_L2.A2018294.0450.061.2018296181603.hdf,108823312
3374258580,/archive/allData/61/MYD06_L2/2018/296/MYD06_L2.A2018296.0440.061.2018296183301.hdf,65913956
3375897262,/archive/allData/61/MYD06_L2/2018/297/MYD06_L2.A2018297.0525.061.2018297171028.hdf,57520346
3375898024,/archive/allData/61/MYD06_L2/2018/297/MYD06_L2.A2018297.0345.061.2018297171136.hdf,87307898
3375903549,/archive/allData/61/MYD06_L2/2018/297/MYD06_L2.A2018297.0520.061.2018297172058.hdf,142480766
3377049354,/archive/allData/61/MYD06_L2/2018/298/MYD06_L2.A2018298.0430.061.2018298174129.hdf,65244956
3377054653,/archive/allData/61/MYD06_L2/2018/298/MYD06_L2.A2018298.0425.061.2018298174839.hdf,122570846
3378251716,/archive/allData/61/MYD06_L2/2018/299/MYD06_L2.A2018299.0515.061.2018299195524.hdf,88812492
3378257230,/archive/allData/61/MYD06_L2/2018/299/MYD06_L2.A2018299.0335.061.2018299195807.hdf,65363387
3378258462,/archive/allData/61/MYD06_L2/2018/299/MYD06_L2.A2018299.0510.061.2018299195841.hdf,109424023
3379643570,/archive/allData/61/MYD06_L2/2018/300/MYD06_L2.A2018300.0415.061.2018300172438.hdf,89743191
3380938240,/archive/allData/61/MYD06_L2/2018/301/MYD06_L2.A2018301.0500.061.2018301174101.hdf,95151402
3380939780,/archive/allData/61/MYD06_L2/2018/301/MYD06_L2.A2018301.0455.061.2018301174311.hdf,110312669
3382150681,/archive/allData/61/MYD06_L2/2018/302/MYD06_L2.A2018302.0405.061.2018302171242.hdf,62495833
3382159503,/archive/allData/61/MYD06_L2/2018/302/MYD06_L2.A2018302.0540.061.2018302171939.hdf,115770127
3382163949,/archive/allData/61/MYD06_L2/2018/302/MYD06_L2.A2018302.0400.061.2018302172240.hdf,102093785
3382918779,/archive/allData/61/MYD06_L2/2018/303/MYD06_L2.A2018303.0450.061.2018303170712.hdf,62708162
3382920831,/archive/allData/61/MYD06_L2/2018/303/MYD06_L2.A2018303.0445.061.2018303171016.hdf,79197608
3392175900,/archive/allData/61/MYD06_L2/2018/304/MYD06_L2.A2018304.0350.061.2018310202714.hdf,68210050
3392176897,/archive/allData/61/MYD06_L2/2018/304/MYD06_L2.A2018304.0530.061.2018310203208.hdf,124095739
3392190449,/archive/allData/61/MYD06_L2/2018/305/MYD06_L2.A2018305.0435.061.2018310204042.hdf,108277693
3392192055,/archive/allData/61/MYD06_L2/2018/305/MYD06_L2.A2018305.0610.061.2018310204605.hdf,132371830
3392193059,/archive/allData/61/MYD06_L2/2018/306/MYD06_L2.A2018306.0520.061.2018310205002.hdf,77489112
3392205438,/archive/allData/61/MYD06_L2/2018/306/MYD06_L2.A2018306.0340.061.2018310205244.hdf,85266261
3392208449,/archive/allData/61/MYD06_L2/2018/307/MYD06_L2.A2018307.0425.061.2018310210331.hdf,81240387
3392209042,/archive/allData/61/MYD06_L2/2018/306/MYD06_L2.A2018306.0515.061.2018310210601.hdf,107744614
3392226701,/archive/allData/61/MYD06_L2/2018/307/MYD06_L2.A2018307.0420.061.2018310211903.hdf,102156801
3392256894,/archive/allData/61/MYD06_L2/2018/308/MYD06_L2.A2018308.0505.061.2018310213245.hdf,123514272
3392257045,/archive/allData/61/MYD06_L2/2018/309/MYD06_L2.A2018309.0410.061.2018310213303.hdf,115307073
3392257455,/archive/allData/61/MYD06_L2/2018/309/MYD06_L2.A2018309.0545.061.2018310213538.hdf,129122646
3392260257,/archive/allData/61/MYD06_L2/2018/310/MYD06_L2.A2018310.0455.061.2018310214310.hdf,94276990
3392261036,/archive/allData/61/MYD06_L2/2018/310/MYD06_L2.A2018310.0450.061.2018310214436.hdf,116419207
3395744939,/archive/allData/61/MYD06_L2/2018/311/MYD06_L2.A2018311.0400.061.2018312185000.hdf,78670399
3395745148,/archive/allData/61/MYD06_L2/2018/311/MYD06_L2.A2018311.0535.061.2018312185201.hdf,90099040
3395754207,/archive/allData/61/MYD06_L2/2018/311/MYD06_L2.A2018311.0355.061.2018312185656.hdf,127086493
3395756631,/archive/allData/61/MYD06_L2/2018/312/MYD06_L2.A2018312.0440.061.2018312191142.hdf,78550486
3397142680,/archive/allData/61/MYD06_L2/2018/313/MYD06_L2.A2018313.0525.061.2018313195059.hdf,69229435
3397149086,/archive/allData/61/MYD06_L2/2018/313/MYD06_L2.A2018313.0345.061.2018313195635.hdf,102850464
3397152133,/archive/allData/61/MYD06_L2/2018/313/MYD06_L2.A2018313.0520.061.2018313195920.hdf,124170865
3398359335,/archive/allData/61/MYD06_L2/2018/314/MYD06_L2.A2018314.0430.061.2018314181926.hdf,48520327
3398370316,/archive/allData/61/MYD06_L2/2018/314/MYD06_L2.A2018314.0425.061.2018314182651.hdf,114663899
3399640742,/archive/allData/61/MYD06_L2/2018/315/MYD06_L2.A2018315.0515.061.2018315181530.hdf,67314252
3399642084,/archive/allData/61/MYD06_L2/2018/315/MYD06_L2.A2018315.0335.061.2018315181728.hdf,94361543
3399649274,/archive/allData/61/MYD06_L2/2018/315/MYD06_L2.A2018315.0510.061.2018315182426.hdf,129641662
3400804883,/archive/allData/61/MYD06_L2/2018/316/MYD06_L2.A2018316.0415.061.2018316185329.hdf,109631507
3401991032,/archive/allData/61/MYD06_L2/2018/317/MYD06_L2.A2018317.0500.061.2018317182705.hdf,86884292
3401996098,/archive/allData/61/MYD06_L2/2018/317/MYD06_L2.A2018317.0455.061.2018317183032.hdf,125247518
3403292801,/archive/allData/61/MYD06_L2/2018/318/MYD06_L2.A2018318.0540.061.2018318175137.hdf,80207571
3403296275,/archive/allData/61/MYD06_L2/2018/318/MYD06_L2.A2018318.0405.061.2018318175539.hdf,89476264
3403304152,/archive/allData/61/MYD06_L2/2018/318/MYD06_L2.A2018318.0400.061.2018318180156.hdf,133348811
3445970754,/archive/allData/61/MYD06_L2/2018/319/MYD06_L2.A2018319.0450.061.2018323192109.hdf,70117889
3445971754,/archive/allData/61/MYD06_L2/2018/319/MYD06_L2.A2018319.0445.061.2018323192235.hdf,68025457
3446077052,/archive/allData/61/MYD06_L2/2018/320/MYD06_L2.A2018320.0530.061.2018323204845.hdf,87320145
3446084621,/archive/allData/61/MYD06_L2/2018/320/MYD06_L2.A2018320.0350.061.2018323205353.hdf,94600445
3446088818,/archive/allData/61/MYD06_L2/2018/321/MYD06_L2.A2018321.0435.061.2018323205839.hdf,66754264
3446100576,/archive/allData/61/MYD06_L2/2018/321/MYD06_L2.A2018321.0610.061.2018323210548.hdf,147837959
3446102227,/archive/allData/61/MYD06_L2/2018/322/MYD06_L2.A2018322.0520.061.2018323210751.hdf,73583576
3446102771,/archive/allData/61/MYD06_L2/2018/322/MYD06_L2.A2018322.0340.061.2018323210946.hdf,93092927
3446115610,/archive/allData/61/MYD06_L2/2018/322/MYD06_L2.A2018322.0515.061.2018323211945.hdf,132291886
4197525069,/archive/allData/61/MYD06_L2/2018/323/MYD06_L2.A2018323.0420.061.2018330165402.hdf,107523780
4197737253,/archive/allData/61/MYD06_L2/2018/323/MYD06_L2.A2018323.0425.061.2018330165642.hdf,88242340
4233693481,/archive/allData/61/MYD06_L2/2018/324/MYD06_L2.A2018324.0505.061.2018330205403.hdf,115084068
4236984964,/archive/allData/61/MYD06_L2/2018/325/MYD06_L2.A2018325.0410.061.2018330210941.hdf,125581777
4237895745,/archive/allData/61/MYD06_L2/2018/325/MYD06_L2.A2018325.0545.061.2018330211415.hdf,126939159
4238799927,/archive/allData/61/MYD06_L2/2018/326/MYD06_L2.A2018326.0455.061.2018330211841.hdf,53660683
4240467410,/archive/allData/61/MYD06_L2/2018/327/MYD06_L2.A2018327.0400.061.2018330212545.hdf,49678038
4241024756,/archive/allData/61/MYD06_L2/2018/326/MYD06_L2.A2018326.0450.061.2018330212811.hdf,128551866
4242589389,/archive/allData/61/MYD06_L2/2018/327/MYD06_L2.A2018327.0535.061.2018330213507.hdf,114468668
4243271975,/archive/allData/61/MYD06_L2/2018/327/MYD06_L2.A2018327.0355.061.2018330213803.hdf,125484575
4245113394,/archive/allData/61/MYD06_L2/2018/328/MYD06_L2.A2018328.0440.061.2018330214542.hdf,108506144
4247009465,/archive/allData/61/MYD06_L2/2018/329/MYD06_L2.A2018329.0345.061.2018330215404.hdf,94430653
4247372911,/archive/allData/61/MYD06_L2/2018/329/MYD06_L2.A2018329.0525.061.2018330215517.hdf,50366965
4248302170,/archive/allData/61/MYD06_L2/2018/329/MYD06_L2.A2018329.0520.061.2018330215908.hdf,132679895
4248753600,/archive/allData/61/MYD06_L2/2018/330/MYD06_L2.A2018330.0430.061.2018330220126.hdf,83580700
4249933330,/archive/allData/61/MYD06_L2/2018/330/MYD06_L2.A2018330.0425.061.2018330220636.hdf,122965692
4344414630,/archive/allData/61/MYD06_L2/2018/334/MYD06_L2.A2018334.0400.061.2018334172548.hdf,115517207
4342599624,/archive/allData/61/MYD06_L2/2018/332/MYD06_L2.A2018332.0415.061.2018332171938.hdf,97421053
4343708159,/archive/allData/61/MYD06_L2/2018/333/MYD06_L2.A2018333.0455.061.2018333172556.hdf,125234066
4343705456,/archive/allData/61/MYD06_L2/2018/333/MYD06_L2.A2018333.0500.061.2018333171822.hdf,47184646
4341498267,/archive/allData/61/MYD06_L2/2018/331/MYD06_L2.A2018331.0335.061.2018331205900.hdf,87002187
4341500354,/archive/allData/61/MYD06_L2/2018/331/MYD06_L2.A2018331.0510.061.2018331210121.hdf,95038306
4341497921,/archive/allData/61/MYD06_L2/2018/331/MYD06_L2.A2018331.0515.061.2018331205842.hdf,58149198
4344403026,/archive/allData/61/MYD06_L2/2018/334/MYD06_L2.A2018334.0405.061.2018334170913.hdf,40744478
4344410476,/archive/allData/61/MYD06_L2/2018/334/MYD06_L2.A2018334.0540.061.2018334172124.hdf,123095142
4345112417,/archive/allData/61/MYD06_L2/2018/336/MYD06_L2.A2018336.0350.061.2018336170410.hdf,98050228
4344783802,/archive/allData/61/MYD06_L2/2018/335/MYD06_L2.A2018335.0445.061.2018335170817.hdf,111857021
4344781848,/archive/allData/61/MYD06_L2/2018/335/MYD06_L2.A2018335.0450.061.2018335170108.hdf,74492784
4345110319,/archive/allData/61/MYD06_L2/2018/336/MYD06_L2.A2018336.0530.061.2018336170312.hdf,90835812
4345446541,/archive/allData/61/MYD06_L2/2018/337/MYD06_L2.A2018337.0435.061.2018337170132.hdf,88319489
4345508581,/archive/allData/61/MYD06_L2/2018/337/MYD06_L2.A2018337.0610.061.2018337200050.hdf,118728293
4347332946,/archive/allData/61/MYD06_L2/2018/340/MYD06_L2.A2018340.0505.061.2018340175633.hdf,91432994
4346591151,/archive/allData/61/MYD06_L2/2018/339/MYD06_L2.A2018339.0420.061.2018339172333.hdf,77609190
4346591152,/archive/allData/61/MYD06_L2/2018/339/MYD06_L2.A2018339.0425.061.2018339172335.hdf,57372727
4346115517,/archive/allData/61/MYD06_L2/2018/338/MYD06_L2.A2018338.0340.061.2018338174829.hdf,91146342
4346117284,/archive/allData/61/MYD06_L2/2018/338/MYD06_L2.A2018338.0515.061.2018338175634.hdf,122782332
4346114432,/archive/allData/61/MYD06_L2/2018/338/MYD06_L2.A2018338.0520.061.2018338174719.hdf,72796726
4350367695,/archive/allData/61/MYD06_L2/2018/346/MYD06_L2.A2018346.0425.061.2018346201426.hdf,108354651
4347643329,/archive/allData/61/MYD06_L2/2018/341/MYD06_L2.A2018341.0410.061.2018341172234.hdf,86695834
4347643932,/archive/allData/61/MYD06_L2/2018/341/MYD06_L2.A2018341.0545.061.2018341172547.hdf,96729897
4348019309,/archive/allData/61/MYD06_L2/2018/342/MYD06_L2.A2018342.0450.061.2018342182655.hdf,84897259
4348019281,/archive/allData/61/MYD06_L2/2018/342/MYD06_L2.A2018342.0455.061.2018342182603.hdf,61994756
4348611499,/archive/allData/61/MYD06_L2/2018/343/MYD06_L2.A2018343.0535.061.2018344204724.hdf,76345936
4348824033,/archive/allData/61/MYD06_L2/2018/344/MYD06_L2.A2018344.0440.061.2018344213516.hdf,77109983
4348616228,/archive/allData/61/MYD06_L2/2018/343/MYD06_L2.A2018343.0355.061.2018344205101.hdf,101210831
4348611498,/archive/allData/61/MYD06_L2/2018/343/MYD06_L2.A2018343.0400.061.2018344204735.hdf,101127219
4349777284,/archive/allData/61/MYD06_L2/2018/345/MYD06_L2.A2018345.0345.061.2018345182823.hdf,101512064
4349777525,/archive/allData/61/MYD06_L2/2018/345/MYD06_L2.A2018345.0520.061.2018345183011.hdf,124425044
4349775406,/archive/allData/61/MYD06_L2/2018/345/MYD06_L2.A2018345.0525.061.2018345182305.hdf,56312805
4350365212,/archive/allData/61/MYD06_L2/2018/346/MYD06_L2.A2018346.0430.061.2018346201230.hdf,110935300
4352907605,/archive/allData/61/MYD06_L2/2018/347/MYD06_L2.A2018347.0510.061.2018352171343.hdf,89339099
4352911719,/archive/allData/61/MYD06_L2/2018/347/MYD06_L2.A2018347.0335.061.2018352171703.hdf,108589742
4352925567,/archive/allData/61/MYD06_L2/2018/347/MYD06_L2.A2018347.0515.061.2018352172626.hdf,80669191
4352979746,/archive/allData/61/MYD06_L2/2018/348/MYD06_L2.A2018348.0415.061.2018352184031.hdf,111126957
4352981344,/archive/allData/61/MYD06_L2/2018/349/MYD06_L2.A2018349.0500.061.2018352184224.hdf,66279728
4353018483,/archive/allData/61/MYD06_L2/2018/349/MYD06_L2.A2018349.0455.061.2018352190413.hdf,130522474
4353022717,/archive/allData/61/MYD06_L2/2018/351/MYD06_L2.A2018351.0445.061.2018352191412.hdf,105524221
4353019922,/archive/allData/61/MYD06_L2/2018/350/MYD06_L2.A2018350.0400.061.2018352190740.hdf,138260937
4353013217,/archive/allData/61/MYD06_L2/2018/350/MYD06_L2.A2018350.0405.061.2018352185426.hdf,86164354
4353015261,/archive/allData/61/MYD06_L2/2018/350/MYD06_L2.A2018350.0540.061.2018352190029.hdf,124187692
4353020552,/archive/allData/61/MYD06_L2/2018/351/MYD06_L2.A2018351.0450.061.2018352190936.hdf,72286792
4355612297,/archive/allData/61/MYD06_L2/2018/352/MYD06_L2.A2018352.0530.061.2018353215457.hdf,86833366
4355614300,/archive/allData/61/MYD06_L2/2018/352/MYD06_L2.A2018352.0350.061.2018353215706.hdf,102452841
4355628920,/archive/allData/61/MYD06_L2/2018/353/MYD06_L2.A2018353.0610.061.2018353221518.hdf,115286721
4355621780,/archive/allData/61/MYD06_L2/2018/353/MYD06_L2.A2018353.0435.061.2018353220636.hdf,59375888
4356251455,/archive/allData/61/MYD06_L2/2018/354/MYD06_L2.A2018354.0515.061.2018354200331.hdf,103523262
4356248494,/archive/allData/61/MYD06_L2/2018/354/MYD06_L2.A2018354.0520.061.2018354195615.hdf,49850279
4356249199,/archive/allData/61/MYD06_L2/2018/354/MYD06_L2.A2018354.0340.061.2018354195840.hdf,67922126
4358407285,/archive/allData/61/MYD06_L2/2018/357/MYD06_L2.A2018357.0410.061.2018357184247.hdf,44671759
4357123193,/archive/allData/61/MYD06_L2/2018/355/MYD06_L2.A2018355.0420.061.2018355191344.hdf,98891736
4357122263,/archive/allData/61/MYD06_L2/2018/355/MYD06_L2.A2018355.0425.061.2018355191043.hdf,72895706
4357845917,/archive/allData/61/MYD06_L2/2018/356/MYD06_L2.A2018356.0505.061.2018356193316.hdf,48798910
4358408965,/archive/allData/61/MYD06_L2/2018/357/MYD06_L2.A2018357.0545.061.2018357185058.hdf,113212603
4360404113,/archive/allData/61/MYD06_L2/2018/361/MYD06_L2.A2018361.0345.061.2018361173833.hdf,70752099
4358795920,/archive/allData/61/MYD06_L2/2018/358/MYD06_L2.A2018358.0450.061.2018358184830.hdf,96830460
4358794759,/archive/allData/61/MYD06_L2/2018/358/MYD06_L2.A2018358.0455.061.2018358184347.hdf,46366172
4359263277,/archive/allData/61/MYD06_L2/2018/359/MYD06_L2.A2018359.0355.061.2018359174505.hdf,74752701
4359264993,/archive/allData/61/MYD06_L2/2018/359/MYD06_L2.A2018359.0400.061.2018359175006.hdf,80026672
4359262673,/archive/allData/61/MYD06_L2/2018/359/MYD06_L2.A2018359.0535.061.2018359174321.hdf,72086609
4359851131,/archive/allData/61/MYD06_L2/2018/360/MYD06_L2.A2018360.0440.061.2018360182601.hdf,51286074
4360404116,/archive/allData/61/MYD06_L2/2018/361/MYD06_L2.A2018361.0520.061.2018361174248.hdf,110632540
4360404117,/archive/allData/61/MYD06_L2/2018/361/MYD06_L2.A2018361.0525.061.2018361174228.hdf,69238074
4361600543,/archive/allData/61/MYD06_L2/2018/365/MYD06_L2.A2018365.0455.061.2018365172931.hdf,117597050
4360744043,/archive/allData/61/MYD06_L2/2018/362/MYD06_L2.A2018362.0425.061.2018362165147.hdf,103527161
4360738877,/archive/allData/61/MYD06_L2/2018/362/MYD06_L2.A2018362.0430.061.2018362164640.hdf,50808260
4361042986,/archive/allData/61/MYD06_L2/2018/363/MYD06_L2.A2018363.0335.061.2018363172910.hdf,87573720
4361043617,/archive/allData/61/MYD06_L2/2018/363/MYD06_L2.A2018363.0510.061.2018363173232.hdf,102076494
4361043565,/archive/allData/61/MYD06_L2/2018/363/MYD06_L2.A2018363.0515.061.2018363173100.hdf,79418710
4361289659,/archive/allData/61/MYD06_L2/2018/364/MYD06_L2.A2018364.0415.061.2018364171045.hdf,82185468
4361584034,/archive/allData/61/MYD06_L2/2018/365/MYD06_L2.A2018365.0500.061.2018365171918.hdf,36927340
